--
-- PostgreSQL database dump
--

-- Dumped from database version 15.2
-- Dumped by pg_dump version 15.2

-- Started on 2025-06-22 16:26:25

SET statement_timeout = 0;
SET lock_timeout = 0;
SET idle_in_transaction_session_timeout = 0;
SET client_encoding = 'UTF8';
SET standard_conforming_strings = on;
SELECT pg_catalog.set_config('search_path', '', false);
SET check_function_bodies = false;
SET xmloption = content;
SET client_min_messages = warning;
SET row_security = off;

DROP DATABASE hotel_management;
--
-- TOC entry 3551 (class 1262 OID 16894)
-- Name: hotel_management; Type: DATABASE; Schema: -; Owner: postgres
--

CREATE DATABASE hotel_management WITH TEMPLATE = template0 ENCODING = 'UTF8' LOCALE_PROVIDER = libc LOCALE = 'Vietnamese_Vietnam.1252';


ALTER DATABASE hotel_management OWNER TO postgres;

\connect hotel_management

SET statement_timeout = 0;
SET lock_timeout = 0;
SET idle_in_transaction_session_timeout = 0;
SET client_encoding = 'UTF8';
SET standard_conforming_strings = on;
SELECT pg_catalog.set_config('search_path', '', false);
SET check_function_bodies = false;
SET xmloption = content;
SET client_min_messages = warning;
SET row_security = off;

SET default_tablespace = '';

SET default_table_access_method = heap;

--
-- TOC entry 246 (class 1259 OID 20662)
-- Name: amenities_amenity; Type: TABLE; Schema: public; Owner: postgres
--

CREATE TABLE public.amenities_amenity (
    id bigint NOT NULL,
    name character varying(255) NOT NULL,
    description text NOT NULL,
    icon_class character varying(255) NOT NULL
);


ALTER TABLE public.amenities_amenity OWNER TO postgres;

--
-- TOC entry 245 (class 1259 OID 20661)
-- Name: amenities_amenity_id_seq; Type: SEQUENCE; Schema: public; Owner: postgres
--

ALTER TABLE public.amenities_amenity ALTER COLUMN id ADD GENERATED BY DEFAULT AS IDENTITY (
    SEQUENCE NAME public.amenities_amenity_id_seq
    START WITH 1
    INCREMENT BY 1
    NO MINVALUE
    NO MAXVALUE
    CACHE 1
);


--
-- TOC entry 221 (class 1259 OID 16918)
-- Name: auth_group; Type: TABLE; Schema: public; Owner: postgres
--

CREATE TABLE public.auth_group (
    id integer NOT NULL,
    name character varying(150) NOT NULL
);


ALTER TABLE public.auth_group OWNER TO postgres;

--
-- TOC entry 220 (class 1259 OID 16917)
-- Name: auth_group_id_seq; Type: SEQUENCE; Schema: public; Owner: postgres
--

ALTER TABLE public.auth_group ALTER COLUMN id ADD GENERATED BY DEFAULT AS IDENTITY (
    SEQUENCE NAME public.auth_group_id_seq
    START WITH 1
    INCREMENT BY 1
    NO MINVALUE
    NO MAXVALUE
    CACHE 1
);


--
-- TOC entry 223 (class 1259 OID 16926)
-- Name: auth_group_permissions; Type: TABLE; Schema: public; Owner: postgres
--

CREATE TABLE public.auth_group_permissions (
    id bigint NOT NULL,
    group_id integer NOT NULL,
    permission_id integer NOT NULL
);


ALTER TABLE public.auth_group_permissions OWNER TO postgres;

--
-- TOC entry 222 (class 1259 OID 16925)
-- Name: auth_group_permissions_id_seq; Type: SEQUENCE; Schema: public; Owner: postgres
--

ALTER TABLE public.auth_group_permissions ALTER COLUMN id ADD GENERATED BY DEFAULT AS IDENTITY (
    SEQUENCE NAME public.auth_group_permissions_id_seq
    START WITH 1
    INCREMENT BY 1
    NO MINVALUE
    NO MAXVALUE
    CACHE 1
);


--
-- TOC entry 219 (class 1259 OID 16912)
-- Name: auth_permission; Type: TABLE; Schema: public; Owner: postgres
--

CREATE TABLE public.auth_permission (
    id integer NOT NULL,
    name character varying(255) NOT NULL,
    content_type_id integer NOT NULL,
    codename character varying(100) NOT NULL
);


ALTER TABLE public.auth_permission OWNER TO postgres;

--
-- TOC entry 218 (class 1259 OID 16911)
-- Name: auth_permission_id_seq; Type: SEQUENCE; Schema: public; Owner: postgres
--

ALTER TABLE public.auth_permission ALTER COLUMN id ADD GENERATED BY DEFAULT AS IDENTITY (
    SEQUENCE NAME public.auth_permission_id_seq
    START WITH 1
    INCREMENT BY 1
    NO MINVALUE
    NO MAXVALUE
    CACHE 1
);


--
-- TOC entry 239 (class 1259 OID 18082)
-- Name: bookings_booking; Type: TABLE; Schema: public; Owner: postgres
--

CREATE TABLE public.bookings_booking (
    id bigint NOT NULL,
    check_in_date timestamp with time zone NOT NULL,
    check_out_date timestamp with time zone NOT NULL,
    status character varying(20) NOT NULL,
    total_price numeric(10,2) NOT NULL,
    created_at timestamp with time zone NOT NULL,
    notes text NOT NULL,
    created_by_id bigint,
    customer_id bigint NOT NULL,
    room_id bigint NOT NULL
);


ALTER TABLE public.bookings_booking OWNER TO postgres;

--
-- TOC entry 238 (class 1259 OID 18081)
-- Name: bookings_booking_id_seq; Type: SEQUENCE; Schema: public; Owner: postgres
--

ALTER TABLE public.bookings_booking ALTER COLUMN id ADD GENERATED BY DEFAULT AS IDENTITY (
    SEQUENCE NAME public.bookings_booking_id_seq
    START WITH 1
    INCREMENT BY 1
    NO MINVALUE
    NO MAXVALUE
    CACHE 1
);


--
-- TOC entry 237 (class 1259 OID 18068)
-- Name: customers_customer; Type: TABLE; Schema: public; Owner: postgres
--

CREATE TABLE public.customers_customer (
    id bigint NOT NULL,
    full_name character varying(100) NOT NULL,
    email character varying(254) NOT NULL,
    phone_number character varying(15) NOT NULL,
    address text NOT NULL,
    id_card_number character varying(20) NOT NULL,
    created_at timestamp with time zone NOT NULL
);


ALTER TABLE public.customers_customer OWNER TO postgres;

--
-- TOC entry 236 (class 1259 OID 18067)
-- Name: customers_customer_id_seq; Type: SEQUENCE; Schema: public; Owner: postgres
--

ALTER TABLE public.customers_customer ALTER COLUMN id ADD GENERATED BY DEFAULT AS IDENTITY (
    SEQUENCE NAME public.customers_customer_id_seq
    START WITH 1
    INCREMENT BY 1
    NO MINVALUE
    NO MAXVALUE
    CACHE 1
);


--
-- TOC entry 241 (class 1259 OID 20359)
-- Name: django_admin_log; Type: TABLE; Schema: public; Owner: postgres
--

CREATE TABLE public.django_admin_log (
    id integer NOT NULL,
    action_time timestamp with time zone NOT NULL,
    object_id text,
    object_repr character varying(200) NOT NULL,
    action_flag smallint NOT NULL,
    change_message text NOT NULL,
    content_type_id integer,
    user_id bigint NOT NULL,
    CONSTRAINT django_admin_log_action_flag_check CHECK ((action_flag >= 0))
);


ALTER TABLE public.django_admin_log OWNER TO postgres;

--
-- TOC entry 240 (class 1259 OID 20358)
-- Name: django_admin_log_id_seq; Type: SEQUENCE; Schema: public; Owner: postgres
--

ALTER TABLE public.django_admin_log ALTER COLUMN id ADD GENERATED BY DEFAULT AS IDENTITY (
    SEQUENCE NAME public.django_admin_log_id_seq
    START WITH 1
    INCREMENT BY 1
    NO MINVALUE
    NO MAXVALUE
    CACHE 1
);


--
-- TOC entry 217 (class 1259 OID 16904)
-- Name: django_content_type; Type: TABLE; Schema: public; Owner: postgres
--

CREATE TABLE public.django_content_type (
    id integer NOT NULL,
    app_label character varying(100) NOT NULL,
    model character varying(100) NOT NULL
);


ALTER TABLE public.django_content_type OWNER TO postgres;

--
-- TOC entry 216 (class 1259 OID 16903)
-- Name: django_content_type_id_seq; Type: SEQUENCE; Schema: public; Owner: postgres
--

ALTER TABLE public.django_content_type ALTER COLUMN id ADD GENERATED BY DEFAULT AS IDENTITY (
    SEQUENCE NAME public.django_content_type_id_seq
    START WITH 1
    INCREMENT BY 1
    NO MINVALUE
    NO MAXVALUE
    CACHE 1
);


--
-- TOC entry 215 (class 1259 OID 16896)
-- Name: django_migrations; Type: TABLE; Schema: public; Owner: postgres
--

CREATE TABLE public.django_migrations (
    id bigint NOT NULL,
    app character varying(255) NOT NULL,
    name character varying(255) NOT NULL,
    applied timestamp with time zone NOT NULL
);


ALTER TABLE public.django_migrations OWNER TO postgres;

--
-- TOC entry 214 (class 1259 OID 16895)
-- Name: django_migrations_id_seq; Type: SEQUENCE; Schema: public; Owner: postgres
--

ALTER TABLE public.django_migrations ALTER COLUMN id ADD GENERATED BY DEFAULT AS IDENTITY (
    SEQUENCE NAME public.django_migrations_id_seq
    START WITH 1
    INCREMENT BY 1
    NO MINVALUE
    NO MAXVALUE
    CACHE 1
);


--
-- TOC entry 244 (class 1259 OID 20403)
-- Name: django_session; Type: TABLE; Schema: public; Owner: postgres
--

CREATE TABLE public.django_session (
    session_key character varying(40) NOT NULL,
    session_data text NOT NULL,
    expire_date timestamp with time zone NOT NULL
);


ALTER TABLE public.django_session OWNER TO postgres;

--
-- TOC entry 243 (class 1259 OID 20380)
-- Name: invoices_invoice; Type: TABLE; Schema: public; Owner: postgres
--

CREATE TABLE public.invoices_invoice (
    id bigint NOT NULL,
    invoice_number character varying(40) NOT NULL,
    issue_date timestamp with time zone NOT NULL,
    due_date timestamp with time zone NOT NULL,
    total_amount numeric(10,2) NOT NULL,
    status character varying(20) NOT NULL,
    notes text NOT NULL,
    booking_id bigint NOT NULL,
    created_by_id bigint
);


ALTER TABLE public.invoices_invoice OWNER TO postgres;

--
-- TOC entry 242 (class 1259 OID 20379)
-- Name: invoices_invoice_id_seq; Type: SEQUENCE; Schema: public; Owner: postgres
--

ALTER TABLE public.invoices_invoice ALTER COLUMN id ADD GENERATED BY DEFAULT AS IDENTITY (
    SEQUENCE NAME public.invoices_invoice_id_seq
    START WITH 1
    INCREMENT BY 1
    NO MINVALUE
    NO MAXVALUE
    CACHE 1
);


--
-- TOC entry 235 (class 1259 OID 17683)
-- Name: rooms_room; Type: TABLE; Schema: public; Owner: postgres
--

CREATE TABLE public.rooms_room (
    id bigint NOT NULL,
    room_number character varying(10) NOT NULL,
    status character varying(20) NOT NULL,
    floor integer NOT NULL,
    created_at timestamp with time zone NOT NULL,
    room_type_id bigint NOT NULL
);


ALTER TABLE public.rooms_room OWNER TO postgres;

--
-- TOC entry 234 (class 1259 OID 17682)
-- Name: rooms_room_id_seq; Type: SEQUENCE; Schema: public; Owner: postgres
--

ALTER TABLE public.rooms_room ALTER COLUMN id ADD GENERATED BY DEFAULT AS IDENTITY (
    SEQUENCE NAME public.rooms_room_id_seq
    START WITH 1
    INCREMENT BY 1
    NO MINVALUE
    NO MAXVALUE
    CACHE 1
);


--
-- TOC entry 233 (class 1259 OID 17675)
-- Name: rooms_roomtype; Type: TABLE; Schema: public; Owner: postgres
--

CREATE TABLE public.rooms_roomtype (
    id bigint NOT NULL,
    name character varying(50) NOT NULL,
    description text NOT NULL,
    price_per_night numeric(10,2) NOT NULL,
    capacity integer NOT NULL
);


ALTER TABLE public.rooms_roomtype OWNER TO postgres;

--
-- TOC entry 248 (class 1259 OID 20670)
-- Name: rooms_roomtype_amenities; Type: TABLE; Schema: public; Owner: postgres
--

CREATE TABLE public.rooms_roomtype_amenities (
    id bigint NOT NULL,
    roomtype_id bigint NOT NULL,
    amenity_id bigint NOT NULL
);


ALTER TABLE public.rooms_roomtype_amenities OWNER TO postgres;

--
-- TOC entry 247 (class 1259 OID 20669)
-- Name: rooms_roomtype_amenities_id_seq; Type: SEQUENCE; Schema: public; Owner: postgres
--

ALTER TABLE public.rooms_roomtype_amenities ALTER COLUMN id ADD GENERATED BY DEFAULT AS IDENTITY (
    SEQUENCE NAME public.rooms_roomtype_amenities_id_seq
    START WITH 1
    INCREMENT BY 1
    NO MINVALUE
    NO MAXVALUE
    CACHE 1
);


--
-- TOC entry 232 (class 1259 OID 17674)
-- Name: rooms_roomtype_id_seq; Type: SEQUENCE; Schema: public; Owner: postgres
--

ALTER TABLE public.rooms_roomtype ALTER COLUMN id ADD GENERATED BY DEFAULT AS IDENTITY (
    SEQUENCE NAME public.rooms_roomtype_id_seq
    START WITH 1
    INCREMENT BY 1
    NO MINVALUE
    NO MAXVALUE
    CACHE 1
);


--
-- TOC entry 225 (class 1259 OID 16958)
-- Name: users_role; Type: TABLE; Schema: public; Owner: postgres
--

CREATE TABLE public.users_role (
    id bigint NOT NULL,
    role character varying(50) NOT NULL
);


ALTER TABLE public.users_role OWNER TO postgres;

--
-- TOC entry 224 (class 1259 OID 16957)
-- Name: users_role_id_seq; Type: SEQUENCE; Schema: public; Owner: postgres
--

ALTER TABLE public.users_role ALTER COLUMN id ADD GENERATED BY DEFAULT AS IDENTITY (
    SEQUENCE NAME public.users_role_id_seq
    START WITH 1
    INCREMENT BY 1
    NO MINVALUE
    NO MAXVALUE
    CACHE 1
);


--
-- TOC entry 227 (class 1259 OID 16966)
-- Name: users_user; Type: TABLE; Schema: public; Owner: postgres
--

CREATE TABLE public.users_user (
    id bigint NOT NULL,
    password character varying(128) NOT NULL,
    last_login timestamp with time zone,
    is_superuser boolean NOT NULL,
    username character varying(150) NOT NULL,
    first_name character varying(150) NOT NULL,
    last_name character varying(150) NOT NULL,
    is_staff boolean NOT NULL,
    is_active boolean NOT NULL,
    date_joined timestamp with time zone NOT NULL,
    full_name character varying(100) NOT NULL,
    phone_number character varying(15) NOT NULL,
    address text NOT NULL,
    email character varying(254) NOT NULL,
    created_at timestamp with time zone NOT NULL,
    role_id bigint
);


ALTER TABLE public.users_user OWNER TO postgres;

--
-- TOC entry 229 (class 1259 OID 16978)
-- Name: users_user_groups; Type: TABLE; Schema: public; Owner: postgres
--

CREATE TABLE public.users_user_groups (
    id bigint NOT NULL,
    user_id bigint NOT NULL,
    group_id integer NOT NULL
);


ALTER TABLE public.users_user_groups OWNER TO postgres;

--
-- TOC entry 228 (class 1259 OID 16977)
-- Name: users_user_groups_id_seq; Type: SEQUENCE; Schema: public; Owner: postgres
--

ALTER TABLE public.users_user_groups ALTER COLUMN id ADD GENERATED BY DEFAULT AS IDENTITY (
    SEQUENCE NAME public.users_user_groups_id_seq
    START WITH 1
    INCREMENT BY 1
    NO MINVALUE
    NO MAXVALUE
    CACHE 1
);


--
-- TOC entry 226 (class 1259 OID 16965)
-- Name: users_user_id_seq; Type: SEQUENCE; Schema: public; Owner: postgres
--

ALTER TABLE public.users_user ALTER COLUMN id ADD GENERATED BY DEFAULT AS IDENTITY (
    SEQUENCE NAME public.users_user_id_seq
    START WITH 1
    INCREMENT BY 1
    NO MINVALUE
    NO MAXVALUE
    CACHE 1
);


--
-- TOC entry 231 (class 1259 OID 16984)
-- Name: users_user_user_permissions; Type: TABLE; Schema: public; Owner: postgres
--

CREATE TABLE public.users_user_user_permissions (
    id bigint NOT NULL,
    user_id bigint NOT NULL,
    permission_id integer NOT NULL
);


ALTER TABLE public.users_user_user_permissions OWNER TO postgres;

--
-- TOC entry 230 (class 1259 OID 16983)
-- Name: users_user_user_permissions_id_seq; Type: SEQUENCE; Schema: public; Owner: postgres
--

ALTER TABLE public.users_user_user_permissions ALTER COLUMN id ADD GENERATED BY DEFAULT AS IDENTITY (
    SEQUENCE NAME public.users_user_user_permissions_id_seq
    START WITH 1
    INCREMENT BY 1
    NO MINVALUE
    NO MAXVALUE
    CACHE 1
);


--
-- TOC entry 3543 (class 0 OID 20662)
-- Dependencies: 246
-- Data for Name: amenities_amenity; Type: TABLE DATA; Schema: public; Owner: postgres
--



--
-- TOC entry 3518 (class 0 OID 16918)
-- Dependencies: 221
-- Data for Name: auth_group; Type: TABLE DATA; Schema: public; Owner: postgres
--



--
-- TOC entry 3520 (class 0 OID 16926)
-- Dependencies: 223
-- Data for Name: auth_group_permissions; Type: TABLE DATA; Schema: public; Owner: postgres
--



--
-- TOC entry 3516 (class 0 OID 16912)
-- Dependencies: 219
-- Data for Name: auth_permission; Type: TABLE DATA; Schema: public; Owner: postgres
--

INSERT INTO public.auth_permission (id, name, content_type_id, codename) VALUES (1, 'Can add permission', 1, 'add_permission');
INSERT INTO public.auth_permission (id, name, content_type_id, codename) VALUES (2, 'Can change permission', 1, 'change_permission');
INSERT INTO public.auth_permission (id, name, content_type_id, codename) VALUES (3, 'Can delete permission', 1, 'delete_permission');
INSERT INTO public.auth_permission (id, name, content_type_id, codename) VALUES (4, 'Can view permission', 1, 'view_permission');
INSERT INTO public.auth_permission (id, name, content_type_id, codename) VALUES (5, 'Can add group', 2, 'add_group');
INSERT INTO public.auth_permission (id, name, content_type_id, codename) VALUES (6, 'Can change group', 2, 'change_group');
INSERT INTO public.auth_permission (id, name, content_type_id, codename) VALUES (7, 'Can delete group', 2, 'delete_group');
INSERT INTO public.auth_permission (id, name, content_type_id, codename) VALUES (8, 'Can view group', 2, 'view_group');
INSERT INTO public.auth_permission (id, name, content_type_id, codename) VALUES (9, 'Can add content type', 3, 'add_contenttype');
INSERT INTO public.auth_permission (id, name, content_type_id, codename) VALUES (10, 'Can change content type', 3, 'change_contenttype');
INSERT INTO public.auth_permission (id, name, content_type_id, codename) VALUES (11, 'Can delete content type', 3, 'delete_contenttype');
INSERT INTO public.auth_permission (id, name, content_type_id, codename) VALUES (12, 'Can view content type', 3, 'view_contenttype');
INSERT INTO public.auth_permission (id, name, content_type_id, codename) VALUES (13, 'Can add role', 4, 'add_role');
INSERT INTO public.auth_permission (id, name, content_type_id, codename) VALUES (14, 'Can change role', 4, 'change_role');
INSERT INTO public.auth_permission (id, name, content_type_id, codename) VALUES (15, 'Can delete role', 4, 'delete_role');
INSERT INTO public.auth_permission (id, name, content_type_id, codename) VALUES (16, 'Can view role', 4, 'view_role');
INSERT INTO public.auth_permission (id, name, content_type_id, codename) VALUES (17, 'Can add user', 5, 'add_user');
INSERT INTO public.auth_permission (id, name, content_type_id, codename) VALUES (18, 'Can change user', 5, 'change_user');
INSERT INTO public.auth_permission (id, name, content_type_id, codename) VALUES (19, 'Can delete user', 5, 'delete_user');
INSERT INTO public.auth_permission (id, name, content_type_id, codename) VALUES (20, 'Can view user', 5, 'view_user');
INSERT INTO public.auth_permission (id, name, content_type_id, codename) VALUES (21, 'Can add room type', 6, 'add_roomtype');
INSERT INTO public.auth_permission (id, name, content_type_id, codename) VALUES (22, 'Can change room type', 6, 'change_roomtype');
INSERT INTO public.auth_permission (id, name, content_type_id, codename) VALUES (23, 'Can delete room type', 6, 'delete_roomtype');
INSERT INTO public.auth_permission (id, name, content_type_id, codename) VALUES (24, 'Can view room type', 6, 'view_roomtype');
INSERT INTO public.auth_permission (id, name, content_type_id, codename) VALUES (25, 'Can add room', 7, 'add_room');
INSERT INTO public.auth_permission (id, name, content_type_id, codename) VALUES (26, 'Can change room', 7, 'change_room');
INSERT INTO public.auth_permission (id, name, content_type_id, codename) VALUES (27, 'Can delete room', 7, 'delete_room');
INSERT INTO public.auth_permission (id, name, content_type_id, codename) VALUES (28, 'Can view room', 7, 'view_room');
INSERT INTO public.auth_permission (id, name, content_type_id, codename) VALUES (29, 'Can add customer', 8, 'add_customer');
INSERT INTO public.auth_permission (id, name, content_type_id, codename) VALUES (30, 'Can change customer', 8, 'change_customer');
INSERT INTO public.auth_permission (id, name, content_type_id, codename) VALUES (31, 'Can delete customer', 8, 'delete_customer');
INSERT INTO public.auth_permission (id, name, content_type_id, codename) VALUES (32, 'Can view customer', 8, 'view_customer');
INSERT INTO public.auth_permission (id, name, content_type_id, codename) VALUES (33, 'Can add booking', 9, 'add_booking');
INSERT INTO public.auth_permission (id, name, content_type_id, codename) VALUES (34, 'Can change booking', 9, 'change_booking');
INSERT INTO public.auth_permission (id, name, content_type_id, codename) VALUES (35, 'Can delete booking', 9, 'delete_booking');
INSERT INTO public.auth_permission (id, name, content_type_id, codename) VALUES (36, 'Can view booking', 9, 'view_booking');
INSERT INTO public.auth_permission (id, name, content_type_id, codename) VALUES (37, 'Can add log entry', 10, 'add_logentry');
INSERT INTO public.auth_permission (id, name, content_type_id, codename) VALUES (38, 'Can change log entry', 10, 'change_logentry');
INSERT INTO public.auth_permission (id, name, content_type_id, codename) VALUES (39, 'Can delete log entry', 10, 'delete_logentry');
INSERT INTO public.auth_permission (id, name, content_type_id, codename) VALUES (40, 'Can view log entry', 10, 'view_logentry');
INSERT INTO public.auth_permission (id, name, content_type_id, codename) VALUES (41, 'Can add session', 11, 'add_session');
INSERT INTO public.auth_permission (id, name, content_type_id, codename) VALUES (42, 'Can change session', 11, 'change_session');
INSERT INTO public.auth_permission (id, name, content_type_id, codename) VALUES (43, 'Can delete session', 11, 'delete_session');
INSERT INTO public.auth_permission (id, name, content_type_id, codename) VALUES (44, 'Can view session', 11, 'view_session');
INSERT INTO public.auth_permission (id, name, content_type_id, codename) VALUES (45, 'Can add invoice', 12, 'add_invoice');
INSERT INTO public.auth_permission (id, name, content_type_id, codename) VALUES (46, 'Can change invoice', 12, 'change_invoice');
INSERT INTO public.auth_permission (id, name, content_type_id, codename) VALUES (47, 'Can delete invoice', 12, 'delete_invoice');
INSERT INTO public.auth_permission (id, name, content_type_id, codename) VALUES (48, 'Can view invoice', 12, 'view_invoice');
INSERT INTO public.auth_permission (id, name, content_type_id, codename) VALUES (49, 'Can add amenity', 13, 'add_amenity');
INSERT INTO public.auth_permission (id, name, content_type_id, codename) VALUES (50, 'Can change amenity', 13, 'change_amenity');
INSERT INTO public.auth_permission (id, name, content_type_id, codename) VALUES (51, 'Can delete amenity', 13, 'delete_amenity');
INSERT INTO public.auth_permission (id, name, content_type_id, codename) VALUES (52, 'Can view amenity', 13, 'view_amenity');


--
-- TOC entry 3536 (class 0 OID 18082)
-- Dependencies: 239
-- Data for Name: bookings_booking; Type: TABLE DATA; Schema: public; Owner: postgres
--



--
-- TOC entry 3534 (class 0 OID 18068)
-- Dependencies: 237
-- Data for Name: customers_customer; Type: TABLE DATA; Schema: public; Owner: postgres
--

INSERT INTO public.customers_customer (id, full_name, email, phone_number, address, id_card_number, created_at) VALUES (1, 'Le Van B', 'customer1@example.com', '0471841314', 'So 18 Tan Chanh Hiep', '124141555', '2025-06-19 14:01:13.250947+07');


--
-- TOC entry 3538 (class 0 OID 20359)
-- Dependencies: 241
-- Data for Name: django_admin_log; Type: TABLE DATA; Schema: public; Owner: postgres
--

INSERT INTO public.django_admin_log (id, action_time, object_id, object_repr, action_flag, change_message, content_type_id, user_id) VALUES (1, '2025-06-19 10:26:07.78229+07', '1', 'admin', 1, '[{"added": {}}]', 4, 1);
INSERT INTO public.django_admin_log (id, action_time, object_id, object_repr, action_flag, change_message, content_type_id, user_id) VALUES (2, '2025-06-19 10:26:42.607572+07', '1', 'admin', 2, '[{"changed": {"fields": ["Role", "H\u1ecd v\u00e0 t\u00ean", "S\u1ed1 \u0111i\u1ec7n tho\u1ea1i"]}}]', 5, 1);
INSERT INTO public.django_admin_log (id, action_time, object_id, object_repr, action_flag, change_message, content_type_id, user_id) VALUES (3, '2025-06-19 10:26:52.467729+07', '1', 'admin', 2, '[]', 5, 1);
INSERT INTO public.django_admin_log (id, action_time, object_id, object_repr, action_flag, change_message, content_type_id, user_id) VALUES (4, '2025-06-19 10:39:06.335916+07', '2', 'user', 1, '[{"added": {}}]', 4, 1);
INSERT INTO public.django_admin_log (id, action_time, object_id, object_repr, action_flag, change_message, content_type_id, user_id) VALUES (5, '2025-06-19 10:39:08.534125+07', '2', 'user1', 2, '[{"changed": {"fields": ["Role"]}}]', 5, 1);
INSERT INTO public.django_admin_log (id, action_time, object_id, object_repr, action_flag, change_message, content_type_id, user_id) VALUES (6, '2025-06-19 13:52:12.394923+07', '3', 'manager', 1, '[{"added": {}}]', 4, 1);
INSERT INTO public.django_admin_log (id, action_time, object_id, object_repr, action_flag, change_message, content_type_id, user_id) VALUES (7, '2025-06-19 13:52:27.088706+07', '4', 'manager1', 2, '[{"changed": {"fields": ["Role"]}}]', 5, 1);
INSERT INTO public.django_admin_log (id, action_time, object_id, object_repr, action_flag, change_message, content_type_id, user_id) VALUES (8, '2025-06-19 13:52:31.558923+07', '5', 'user3', 2, '[]', 5, 1);
INSERT INTO public.django_admin_log (id, action_time, object_id, object_repr, action_flag, change_message, content_type_id, user_id) VALUES (9, '2025-06-19 13:52:39.381781+07', '3', 'user2', 2, '[{"changed": {"fields": ["Role"]}}]', 5, 1);
INSERT INTO public.django_admin_log (id, action_time, object_id, object_repr, action_flag, change_message, content_type_id, user_id) VALUES (10, '2025-06-20 15:59:52.763237+07', '1', 'single', 1, '[{"added": {}}]', 6, 1);


--
-- TOC entry 3514 (class 0 OID 16904)
-- Dependencies: 217
-- Data for Name: django_content_type; Type: TABLE DATA; Schema: public; Owner: postgres
--

INSERT INTO public.django_content_type (id, app_label, model) VALUES (1, 'auth', 'permission');
INSERT INTO public.django_content_type (id, app_label, model) VALUES (2, 'auth', 'group');
INSERT INTO public.django_content_type (id, app_label, model) VALUES (3, 'contenttypes', 'contenttype');
INSERT INTO public.django_content_type (id, app_label, model) VALUES (4, 'users', 'role');
INSERT INTO public.django_content_type (id, app_label, model) VALUES (5, 'users', 'user');
INSERT INTO public.django_content_type (id, app_label, model) VALUES (6, 'rooms', 'roomtype');
INSERT INTO public.django_content_type (id, app_label, model) VALUES (7, 'rooms', 'room');
INSERT INTO public.django_content_type (id, app_label, model) VALUES (8, 'customers', 'customer');
INSERT INTO public.django_content_type (id, app_label, model) VALUES (9, 'bookings', 'booking');
INSERT INTO public.django_content_type (id, app_label, model) VALUES (10, 'admin', 'logentry');
INSERT INTO public.django_content_type (id, app_label, model) VALUES (11, 'sessions', 'session');
INSERT INTO public.django_content_type (id, app_label, model) VALUES (12, 'invoices', 'invoice');
INSERT INTO public.django_content_type (id, app_label, model) VALUES (13, 'amenities', 'amenity');


--
-- TOC entry 3512 (class 0 OID 16896)
-- Dependencies: 215
-- Data for Name: django_migrations; Type: TABLE DATA; Schema: public; Owner: postgres
--

INSERT INTO public.django_migrations (id, app, name, applied) VALUES (1, 'contenttypes', '0001_initial', '2025-06-17 15:16:43.355278+07');
INSERT INTO public.django_migrations (id, app, name, applied) VALUES (2, 'contenttypes', '0002_remove_content_type_name', '2025-06-17 15:16:43.360328+07');
INSERT INTO public.django_migrations (id, app, name, applied) VALUES (3, 'auth', '0001_initial', '2025-06-17 15:16:43.394762+07');
INSERT INTO public.django_migrations (id, app, name, applied) VALUES (4, 'auth', '0002_alter_permission_name_max_length', '2025-06-17 15:16:43.400014+07');
INSERT INTO public.django_migrations (id, app, name, applied) VALUES (5, 'auth', '0003_alter_user_email_max_length', '2025-06-17 15:16:43.404015+07');
INSERT INTO public.django_migrations (id, app, name, applied) VALUES (6, 'auth', '0004_alter_user_username_opts', '2025-06-17 15:16:43.408019+07');
INSERT INTO public.django_migrations (id, app, name, applied) VALUES (7, 'auth', '0005_alter_user_last_login_null', '2025-06-17 15:16:43.412016+07');
INSERT INTO public.django_migrations (id, app, name, applied) VALUES (8, 'auth', '0006_require_contenttypes_0002', '2025-06-17 15:16:43.414025+07');
INSERT INTO public.django_migrations (id, app, name, applied) VALUES (9, 'auth', '0007_alter_validators_add_error_messages', '2025-06-17 15:16:43.419018+07');
INSERT INTO public.django_migrations (id, app, name, applied) VALUES (10, 'auth', '0008_alter_user_username_max_length', '2025-06-17 15:16:43.42334+07');
INSERT INTO public.django_migrations (id, app, name, applied) VALUES (11, 'auth', '0009_alter_user_last_name_max_length', '2025-06-17 15:16:43.426342+07');
INSERT INTO public.django_migrations (id, app, name, applied) VALUES (12, 'auth', '0010_alter_group_name_max_length', '2025-06-17 15:16:43.426342+07');
INSERT INTO public.django_migrations (id, app, name, applied) VALUES (13, 'auth', '0011_update_proxy_permissions', '2025-06-17 15:16:43.439307+07');
INSERT INTO public.django_migrations (id, app, name, applied) VALUES (14, 'auth', '0012_alter_user_first_name_max_length', '2025-06-17 15:16:43.443305+07');
INSERT INTO public.django_migrations (id, app, name, applied) VALUES (15, 'users', '0001_initial', '2025-06-17 15:16:43.47566+07');
INSERT INTO public.django_migrations (id, app, name, applied) VALUES (16, 'rooms', '0001_initial', '2025-06-18 12:45:04.453481+07');
INSERT INTO public.django_migrations (id, app, name, applied) VALUES (17, 'customers', '0001_initial', '2025-06-18 15:47:47.507165+07');
INSERT INTO public.django_migrations (id, app, name, applied) VALUES (18, 'bookings', '0001_initial', '2025-06-18 15:47:47.539354+07');
INSERT INTO public.django_migrations (id, app, name, applied) VALUES (19, 'admin', '0001_initial', '2025-06-19 08:52:04.042172+07');
INSERT INTO public.django_migrations (id, app, name, applied) VALUES (20, 'admin', '0002_logentry_remove_auto_add', '2025-06-19 08:52:04.049307+07');
INSERT INTO public.django_migrations (id, app, name, applied) VALUES (21, 'admin', '0003_logentry_add_action_flag_choices', '2025-06-19 08:52:04.050615+07');
INSERT INTO public.django_migrations (id, app, name, applied) VALUES (22, 'invoices', '0001_initial', '2025-06-19 08:52:04.080091+07');
INSERT INTO public.django_migrations (id, app, name, applied) VALUES (23, 'sessions', '0001_initial', '2025-06-19 08:52:04.090133+07');
INSERT INTO public.django_migrations (id, app, name, applied) VALUES (24, 'amenities', '0001_initial', '2025-06-21 14:48:09.314879+07');
INSERT INTO public.django_migrations (id, app, name, applied) VALUES (25, 'rooms', '0002_roomtype_amenities_alter_roomtype_capacity_and_more', '2025-06-21 14:48:09.36175+07');


--
-- TOC entry 3541 (class 0 OID 20403)
-- Dependencies: 244
-- Data for Name: django_session; Type: TABLE DATA; Schema: public; Owner: postgres
--

INSERT INTO public.django_session (session_key, session_data, expire_date) VALUES ('bf6e0ogwp3jv71ap1yc9ssos2odmujpr', '.eJxVjMsOwiAQRf-FtSE8Bigu3fsNZGBAqgaS0q6M_65NutDtPefcFwu4rTVsIy9hJnZmkp1-t4jpkdsO6I7t1nnqbV3myHeFH3Twa6f8vBzu30HFUb81Sm1cyQWd9tImWVQBrTAbMjoacBAnZT0Yq4uUSBATiUlAoeSFAU_s_QHcJjeh:1uS5ou:iiou9BRF5nPPXcu5IR_2E7Opg9Vfl8gt6VHpqHNxPSk', '2025-07-03 10:20:08.526709+07');


--
-- TOC entry 3540 (class 0 OID 20380)
-- Dependencies: 243
-- Data for Name: invoices_invoice; Type: TABLE DATA; Schema: public; Owner: postgres
--



--
-- TOC entry 3532 (class 0 OID 17683)
-- Dependencies: 235
-- Data for Name: rooms_room; Type: TABLE DATA; Schema: public; Owner: postgres
--



--
-- TOC entry 3530 (class 0 OID 17675)
-- Dependencies: 233
-- Data for Name: rooms_roomtype; Type: TABLE DATA; Schema: public; Owner: postgres
--

INSERT INTO public.rooms_roomtype (id, name, description, price_per_night, capacity) VALUES (1, 'single', '1 Giường
Dành cho một người', 200000.00, 1);


--
-- TOC entry 3545 (class 0 OID 20670)
-- Dependencies: 248
-- Data for Name: rooms_roomtype_amenities; Type: TABLE DATA; Schema: public; Owner: postgres
--



--
-- TOC entry 3522 (class 0 OID 16958)
-- Dependencies: 225
-- Data for Name: users_role; Type: TABLE DATA; Schema: public; Owner: postgres
--

INSERT INTO public.users_role (id, role) VALUES (1, 'admin');
INSERT INTO public.users_role (id, role) VALUES (2, 'user');
INSERT INTO public.users_role (id, role) VALUES (3, 'manager');


--
-- TOC entry 3524 (class 0 OID 16966)
-- Dependencies: 227
-- Data for Name: users_user; Type: TABLE DATA; Schema: public; Owner: postgres
--

INSERT INTO public.users_user (id, password, last_login, is_superuser, username, first_name, last_name, is_staff, is_active, date_joined, full_name, phone_number, address, email, created_at, role_id) VALUES (1, 'pbkdf2_sha256$1000000$aWUKTJiT2EhffyqrBgoDtD$F4kpKFXiGSdIT146czq/uJC6XQPQA9xFRlbU0PE5fQg=', '2025-06-19 10:20:08+07', true, 'admin', '', '', true, true, '2025-06-19 10:19:36+07', 'Thông Lê Hữu', '0414141245', '', 'admin@example.com', '2025-06-19 10:19:37.423169+07', 1);
INSERT INTO public.users_user (id, password, last_login, is_superuser, username, first_name, last_name, is_staff, is_active, date_joined, full_name, phone_number, address, email, created_at, role_id) VALUES (2, 'pbkdf2_sha256$1000000$SDILvD4bjq6rQ0STP9RvjJ$MZjDZXz09GMnvQHufBRVPETEMZEny/vFlLedxFmmc00=', NULL, false, 'user1', '', '', false, true, '2025-06-19 10:35:58+07', 'Nguyen Van A', '', '', 'user1@example.com', '2025-06-19 10:35:59.186382+07', 2);
INSERT INTO public.users_user (id, password, last_login, is_superuser, username, first_name, last_name, is_staff, is_active, date_joined, full_name, phone_number, address, email, created_at, role_id) VALUES (4, 'pbkdf2_sha256$1000000$rFWmc5H3qtv1ONcnkb2i4Y$s3LQp0qR9MoLfInArzFybXKOt8Me0OUThCY1yPKWCzQ=', NULL, false, 'manager1', '', '', false, true, '2025-06-19 10:40:03+07', 'Le Van C', '', '', 'manager1@example.com', '2025-06-19 10:40:04.616007+07', 3);
INSERT INTO public.users_user (id, password, last_login, is_superuser, username, first_name, last_name, is_staff, is_active, date_joined, full_name, phone_number, address, email, created_at, role_id) VALUES (5, 'pbkdf2_sha256$1000000$XDhOfuvGbmgmylVBhAAIKA$/ibxF/xLjSa7a5kP15lHy6qERZzExGEsLX4fBnfPhKM=', NULL, false, 'user3', '', '', false, true, '2025-06-19 13:51:40+07', 'Le Van D', '', '', 'user3@example.com', '2025-06-19 13:51:40.960619+07', 2);
INSERT INTO public.users_user (id, password, last_login, is_superuser, username, first_name, last_name, is_staff, is_active, date_joined, full_name, phone_number, address, email, created_at, role_id) VALUES (3, 'pbkdf2_sha256$1000000$kRkStNTFRUkG40Xe6YEwLC$EeIxNt/Dq3jmIWhKt+gEp2CZm5RQvvdm1eGLvO7XdEQ=', NULL, false, 'user2', '', '', false, true, '2025-06-19 10:36:07+07', 'Nguyen Van B', '', '', 'user2@example.com', '2025-06-19 10:36:08.408496+07', 2);


--
-- TOC entry 3526 (class 0 OID 16978)
-- Dependencies: 229
-- Data for Name: users_user_groups; Type: TABLE DATA; Schema: public; Owner: postgres
--



--
-- TOC entry 3528 (class 0 OID 16984)
-- Dependencies: 231
-- Data for Name: users_user_user_permissions; Type: TABLE DATA; Schema: public; Owner: postgres
--



--
-- TOC entry 3552 (class 0 OID 0)
-- Dependencies: 245
-- Name: amenities_amenity_id_seq; Type: SEQUENCE SET; Schema: public; Owner: postgres
--

SELECT pg_catalog.setval('public.amenities_amenity_id_seq', 1, false);


--
-- TOC entry 3553 (class 0 OID 0)
-- Dependencies: 220
-- Name: auth_group_id_seq; Type: SEQUENCE SET; Schema: public; Owner: postgres
--

SELECT pg_catalog.setval('public.auth_group_id_seq', 1, false);


--
-- TOC entry 3554 (class 0 OID 0)
-- Dependencies: 222
-- Name: auth_group_permissions_id_seq; Type: SEQUENCE SET; Schema: public; Owner: postgres
--

SELECT pg_catalog.setval('public.auth_group_permissions_id_seq', 1, false);


--
-- TOC entry 3555 (class 0 OID 0)
-- Dependencies: 218
-- Name: auth_permission_id_seq; Type: SEQUENCE SET; Schema: public; Owner: postgres
--

SELECT pg_catalog.setval('public.auth_permission_id_seq', 52, true);


--
-- TOC entry 3556 (class 0 OID 0)
-- Dependencies: 238
-- Name: bookings_booking_id_seq; Type: SEQUENCE SET; Schema: public; Owner: postgres
--

SELECT pg_catalog.setval('public.bookings_booking_id_seq', 1, false);


--
-- TOC entry 3557 (class 0 OID 0)
-- Dependencies: 236
-- Name: customers_customer_id_seq; Type: SEQUENCE SET; Schema: public; Owner: postgres
--

SELECT pg_catalog.setval('public.customers_customer_id_seq', 1, true);


--
-- TOC entry 3558 (class 0 OID 0)
-- Dependencies: 240
-- Name: django_admin_log_id_seq; Type: SEQUENCE SET; Schema: public; Owner: postgres
--

SELECT pg_catalog.setval('public.django_admin_log_id_seq', 10, true);


--
-- TOC entry 3559 (class 0 OID 0)
-- Dependencies: 216
-- Name: django_content_type_id_seq; Type: SEQUENCE SET; Schema: public; Owner: postgres
--

SELECT pg_catalog.setval('public.django_content_type_id_seq', 13, true);


--
-- TOC entry 3560 (class 0 OID 0)
-- Dependencies: 214
-- Name: django_migrations_id_seq; Type: SEQUENCE SET; Schema: public; Owner: postgres
--

SELECT pg_catalog.setval('public.django_migrations_id_seq', 25, true);


--
-- TOC entry 3561 (class 0 OID 0)
-- Dependencies: 242
-- Name: invoices_invoice_id_seq; Type: SEQUENCE SET; Schema: public; Owner: postgres
--

SELECT pg_catalog.setval('public.invoices_invoice_id_seq', 1, false);


--
-- TOC entry 3562 (class 0 OID 0)
-- Dependencies: 234
-- Name: rooms_room_id_seq; Type: SEQUENCE SET; Schema: public; Owner: postgres
--

SELECT pg_catalog.setval('public.rooms_room_id_seq', 1, false);


--
-- TOC entry 3563 (class 0 OID 0)
-- Dependencies: 247
-- Name: rooms_roomtype_amenities_id_seq; Type: SEQUENCE SET; Schema: public; Owner: postgres
--

SELECT pg_catalog.setval('public.rooms_roomtype_amenities_id_seq', 1, false);


--
-- TOC entry 3564 (class 0 OID 0)
-- Dependencies: 232
-- Name: rooms_roomtype_id_seq; Type: SEQUENCE SET; Schema: public; Owner: postgres
--

SELECT pg_catalog.setval('public.rooms_roomtype_id_seq', 1, true);


--
-- TOC entry 3565 (class 0 OID 0)
-- Dependencies: 224
-- Name: users_role_id_seq; Type: SEQUENCE SET; Schema: public; Owner: postgres
--

SELECT pg_catalog.setval('public.users_role_id_seq', 3, true);


--
-- TOC entry 3566 (class 0 OID 0)
-- Dependencies: 228
-- Name: users_user_groups_id_seq; Type: SEQUENCE SET; Schema: public; Owner: postgres
--

SELECT pg_catalog.setval('public.users_user_groups_id_seq', 1, false);


--
-- TOC entry 3567 (class 0 OID 0)
-- Dependencies: 226
-- Name: users_user_id_seq; Type: SEQUENCE SET; Schema: public; Owner: postgres
--

SELECT pg_catalog.setval('public.users_user_id_seq', 5, true);


--
-- TOC entry 3568 (class 0 OID 0)
-- Dependencies: 230
-- Name: users_user_user_permissions_id_seq; Type: SEQUENCE SET; Schema: public; Owner: postgres
--

SELECT pg_catalog.setval('public.users_user_user_permissions_id_seq', 1, false);


-- Completed on 2025-06-22 16:26:25

--
-- PostgreSQL database dump complete
--

