--
-- PostgreSQL database dump
--

-- Dumped from database version 15.13
-- Dumped by pg_dump version 15.2

SET statement_timeout = 0;
SET lock_timeout = 0;
SET idle_in_transaction_session_timeout = 0;
SET client_encoding = 'UTF8';
SET standard_conforming_strings = on;
SELECT pg_catalog.set_config('search_path', '', false);
SET check_function_bodies = false;
SET xmloption = content;
SET client_min_messages = warning;
SET row_security = off;

--
-- Name: public; Type: SCHEMA; Schema: -; Owner: hotel_user
--

-- *not* creating schema, since initdb creates it


ALTER SCHEMA public OWNER TO hotel_user;

SET default_tablespace = '';

SET default_table_access_method = heap;

--
-- Name: amenities_amenity; Type: TABLE; Schema: public; Owner: hotel_user
--

CREATE TABLE public.amenities_amenity (
    id bigint NOT NULL,
    name character varying(255) NOT NULL,
    description text NOT NULL,
    icon_class character varying(255) NOT NULL
);


ALTER TABLE public.amenities_amenity OWNER TO hotel_user;

--
-- Name: amenities_amenity_id_seq; Type: SEQUENCE; Schema: public; Owner: hotel_user
--

ALTER TABLE public.amenities_amenity ALTER COLUMN id ADD GENERATED BY DEFAULT AS IDENTITY (
    SEQUENCE NAME public.amenities_amenity_id_seq
    START WITH 1
    INCREMENT BY 1
    NO MINVALUE
    NO MAXVALUE
    CACHE 1
);


--
-- Name: auth_group; Type: TABLE; Schema: public; Owner: hotel_user
--

CREATE TABLE public.auth_group (
    id integer NOT NULL,
    name character varying(150) NOT NULL
);


ALTER TABLE public.auth_group OWNER TO hotel_user;

--
-- Name: auth_group_id_seq; Type: SEQUENCE; Schema: public; Owner: hotel_user
--

ALTER TABLE public.auth_group ALTER COLUMN id ADD GENERATED BY DEFAULT AS IDENTITY (
    SEQUENCE NAME public.auth_group_id_seq
    START WITH 1
    INCREMENT BY 1
    NO MINVALUE
    NO MAXVALUE
    CACHE 1
);


--
-- Name: auth_group_permissions; Type: TABLE; Schema: public; Owner: hotel_user
--

CREATE TABLE public.auth_group_permissions (
    id bigint NOT NULL,
    group_id integer NOT NULL,
    permission_id integer NOT NULL
);


ALTER TABLE public.auth_group_permissions OWNER TO hotel_user;

--
-- Name: auth_group_permissions_id_seq; Type: SEQUENCE; Schema: public; Owner: hotel_user
--

ALTER TABLE public.auth_group_permissions ALTER COLUMN id ADD GENERATED BY DEFAULT AS IDENTITY (
    SEQUENCE NAME public.auth_group_permissions_id_seq
    START WITH 1
    INCREMENT BY 1
    NO MINVALUE
    NO MAXVALUE
    CACHE 1
);


--
-- Name: auth_permission; Type: TABLE; Schema: public; Owner: hotel_user
--

CREATE TABLE public.auth_permission (
    id integer NOT NULL,
    name character varying(255) NOT NULL,
    content_type_id integer NOT NULL,
    codename character varying(100) NOT NULL
);


ALTER TABLE public.auth_permission OWNER TO hotel_user;

--
-- Name: auth_permission_id_seq; Type: SEQUENCE; Schema: public; Owner: hotel_user
--

ALTER TABLE public.auth_permission ALTER COLUMN id ADD GENERATED BY DEFAULT AS IDENTITY (
    SEQUENCE NAME public.auth_permission_id_seq
    START WITH 1
    INCREMENT BY 1
    NO MINVALUE
    NO MAXVALUE
    CACHE 1
);


--
-- Name: bookings_booking; Type: TABLE; Schema: public; Owner: hotel_user
--

CREATE TABLE public.bookings_booking (
    id bigint NOT NULL,
    check_in_date timestamp with time zone NOT NULL,
    check_out_date timestamp with time zone NOT NULL,
    status character varying(20) NOT NULL,
    total_price numeric(10,2) NOT NULL,
    created_at timestamp with time zone NOT NULL,
    notes text NOT NULL,
    created_by_id bigint,
    customer_id bigint NOT NULL,
    room_id bigint NOT NULL
);


ALTER TABLE public.bookings_booking OWNER TO hotel_user;

--
-- Name: bookings_booking_id_seq; Type: SEQUENCE; Schema: public; Owner: hotel_user
--

ALTER TABLE public.bookings_booking ALTER COLUMN id ADD GENERATED BY DEFAULT AS IDENTITY (
    SEQUENCE NAME public.bookings_booking_id_seq
    START WITH 1
    INCREMENT BY 1
    NO MINVALUE
    NO MAXVALUE
    CACHE 1
);


--
-- Name: customers_customer; Type: TABLE; Schema: public; Owner: hotel_user
--

CREATE TABLE public.customers_customer (
    id bigint NOT NULL,
    full_name character varying(100) NOT NULL,
    email character varying(254) NOT NULL,
    phone_number character varying(15) NOT NULL,
    address text NOT NULL,
    id_card_number character varying(20) NOT NULL,
    created_at timestamp with time zone NOT NULL
);


ALTER TABLE public.customers_customer OWNER TO hotel_user;

--
-- Name: customers_customer_id_seq; Type: SEQUENCE; Schema: public; Owner: hotel_user
--

ALTER TABLE public.customers_customer ALTER COLUMN id ADD GENERATED BY DEFAULT AS IDENTITY (
    SEQUENCE NAME public.customers_customer_id_seq
    START WITH 1
    INCREMENT BY 1
    NO MINVALUE
    NO MAXVALUE
    CACHE 1
);


--
-- Name: django_admin_log; Type: TABLE; Schema: public; Owner: hotel_user
--

CREATE TABLE public.django_admin_log (
    id integer NOT NULL,
    action_time timestamp with time zone NOT NULL,
    object_id text,
    object_repr character varying(200) NOT NULL,
    action_flag smallint NOT NULL,
    change_message text NOT NULL,
    content_type_id integer,
    user_id bigint NOT NULL,
    CONSTRAINT django_admin_log_action_flag_check CHECK ((action_flag >= 0))
);


ALTER TABLE public.django_admin_log OWNER TO hotel_user;

--
-- Name: django_admin_log_id_seq; Type: SEQUENCE; Schema: public; Owner: hotel_user
--

ALTER TABLE public.django_admin_log ALTER COLUMN id ADD GENERATED BY DEFAULT AS IDENTITY (
    SEQUENCE NAME public.django_admin_log_id_seq
    START WITH 1
    INCREMENT BY 1
    NO MINVALUE
    NO MAXVALUE
    CACHE 1
);


--
-- Name: django_content_type; Type: TABLE; Schema: public; Owner: hotel_user
--

CREATE TABLE public.django_content_type (
    id integer NOT NULL,
    app_label character varying(100) NOT NULL,
    model character varying(100) NOT NULL
);


ALTER TABLE public.django_content_type OWNER TO hotel_user;

--
-- Name: django_content_type_id_seq; Type: SEQUENCE; Schema: public; Owner: hotel_user
--

ALTER TABLE public.django_content_type ALTER COLUMN id ADD GENERATED BY DEFAULT AS IDENTITY (
    SEQUENCE NAME public.django_content_type_id_seq
    START WITH 1
    INCREMENT BY 1
    NO MINVALUE
    NO MAXVALUE
    CACHE 1
);


--
-- Name: django_migrations; Type: TABLE; Schema: public; Owner: hotel_user
--

CREATE TABLE public.django_migrations (
    id bigint NOT NULL,
    app character varying(255) NOT NULL,
    name character varying(255) NOT NULL,
    applied timestamp with time zone NOT NULL
);


ALTER TABLE public.django_migrations OWNER TO hotel_user;

--
-- Name: django_migrations_id_seq; Type: SEQUENCE; Schema: public; Owner: hotel_user
--

ALTER TABLE public.django_migrations ALTER COLUMN id ADD GENERATED BY DEFAULT AS IDENTITY (
    SEQUENCE NAME public.django_migrations_id_seq
    START WITH 1
    INCREMENT BY 1
    NO MINVALUE
    NO MAXVALUE
    CACHE 1
);


--
-- Name: django_session; Type: TABLE; Schema: public; Owner: hotel_user
--

CREATE TABLE public.django_session (
    session_key character varying(40) NOT NULL,
    session_data text NOT NULL,
    expire_date timestamp with time zone NOT NULL
);


ALTER TABLE public.django_session OWNER TO hotel_user;

--
-- Name: invoices_invoice; Type: TABLE; Schema: public; Owner: hotel_user
--

CREATE TABLE public.invoices_invoice (
    id bigint NOT NULL,
    invoice_number character varying(40) NOT NULL,
    issue_date timestamp with time zone NOT NULL,
    due_date timestamp with time zone NOT NULL,
    total_amount numeric(10,2) NOT NULL,
    status character varying(20) NOT NULL,
    notes text NOT NULL,
    booking_id bigint NOT NULL,
    created_by_id bigint
);


ALTER TABLE public.invoices_invoice OWNER TO hotel_user;

--
-- Name: invoices_invoice_id_seq; Type: SEQUENCE; Schema: public; Owner: hotel_user
--

ALTER TABLE public.invoices_invoice ALTER COLUMN id ADD GENERATED BY DEFAULT AS IDENTITY (
    SEQUENCE NAME public.invoices_invoice_id_seq
    START WITH 1
    INCREMENT BY 1
    NO MINVALUE
    NO MAXVALUE
    CACHE 1
);


--
-- Name: rooms_room; Type: TABLE; Schema: public; Owner: hotel_user
--

CREATE TABLE public.rooms_room (
    id bigint NOT NULL,
    room_number character varying(10) NOT NULL,
    status character varying(20) NOT NULL,
    floor integer NOT NULL,
    created_at timestamp with time zone NOT NULL,
    room_type_id bigint NOT NULL
);


ALTER TABLE public.rooms_room OWNER TO hotel_user;

--
-- Name: rooms_room_id_seq; Type: SEQUENCE; Schema: public; Owner: hotel_user
--

ALTER TABLE public.rooms_room ALTER COLUMN id ADD GENERATED BY DEFAULT AS IDENTITY (
    SEQUENCE NAME public.rooms_room_id_seq
    START WITH 1
    INCREMENT BY 1
    NO MINVALUE
    NO MAXVALUE
    CACHE 1
);


--
-- Name: rooms_roomtype; Type: TABLE; Schema: public; Owner: hotel_user
--

CREATE TABLE public.rooms_roomtype (
    id bigint NOT NULL,
    name character varying(50) NOT NULL,
    description text NOT NULL,
    price_per_night numeric(10,2) NOT NULL,
    capacity integer NOT NULL
);


ALTER TABLE public.rooms_roomtype OWNER TO hotel_user;

--
-- Name: rooms_roomtype_amenities; Type: TABLE; Schema: public; Owner: hotel_user
--

CREATE TABLE public.rooms_roomtype_amenities (
    id bigint NOT NULL,
    roomtype_id bigint NOT NULL,
    amenity_id bigint NOT NULL
);


ALTER TABLE public.rooms_roomtype_amenities OWNER TO hotel_user;

--
-- Name: rooms_roomtype_amenities_id_seq; Type: SEQUENCE; Schema: public; Owner: hotel_user
--

ALTER TABLE public.rooms_roomtype_amenities ALTER COLUMN id ADD GENERATED BY DEFAULT AS IDENTITY (
    SEQUENCE NAME public.rooms_roomtype_amenities_id_seq
    START WITH 1
    INCREMENT BY 1
    NO MINVALUE
    NO MAXVALUE
    CACHE 1
);


--
-- Name: rooms_roomtype_id_seq; Type: SEQUENCE; Schema: public; Owner: hotel_user
--

ALTER TABLE public.rooms_roomtype ALTER COLUMN id ADD GENERATED BY DEFAULT AS IDENTITY (
    SEQUENCE NAME public.rooms_roomtype_id_seq
    START WITH 1
    INCREMENT BY 1
    NO MINVALUE
    NO MAXVALUE
    CACHE 1
);


--
-- Name: users_role; Type: TABLE; Schema: public; Owner: hotel_user
--

CREATE TABLE public.users_role (
    id bigint NOT NULL,
    role character varying(50) NOT NULL
);


ALTER TABLE public.users_role OWNER TO hotel_user;

--
-- Name: users_role_id_seq; Type: SEQUENCE; Schema: public; Owner: hotel_user
--

ALTER TABLE public.users_role ALTER COLUMN id ADD GENERATED BY DEFAULT AS IDENTITY (
    SEQUENCE NAME public.users_role_id_seq
    START WITH 1
    INCREMENT BY 1
    NO MINVALUE
    NO MAXVALUE
    CACHE 1
);


--
-- Name: users_user; Type: TABLE; Schema: public; Owner: hotel_user
--

CREATE TABLE public.users_user (
    id bigint NOT NULL,
    password character varying(128) NOT NULL,
    last_login timestamp with time zone,
    is_superuser boolean NOT NULL,
    username character varying(150) NOT NULL,
    first_name character varying(150) NOT NULL,
    last_name character varying(150) NOT NULL,
    is_staff boolean NOT NULL,
    is_active boolean NOT NULL,
    date_joined timestamp with time zone NOT NULL,
    full_name character varying(100) NOT NULL,
    phone_number character varying(15) NOT NULL,
    address text NOT NULL,
    email character varying(254) NOT NULL,
    created_at timestamp with time zone NOT NULL,
    role_id bigint
);


ALTER TABLE public.users_user OWNER TO hotel_user;

--
-- Name: users_user_groups; Type: TABLE; Schema: public; Owner: hotel_user
--

CREATE TABLE public.users_user_groups (
    id bigint NOT NULL,
    user_id bigint NOT NULL,
    group_id integer NOT NULL
);


ALTER TABLE public.users_user_groups OWNER TO hotel_user;

--
-- Name: users_user_groups_id_seq; Type: SEQUENCE; Schema: public; Owner: hotel_user
--

ALTER TABLE public.users_user_groups ALTER COLUMN id ADD GENERATED BY DEFAULT AS IDENTITY (
    SEQUENCE NAME public.users_user_groups_id_seq
    START WITH 1
    INCREMENT BY 1
    NO MINVALUE
    NO MAXVALUE
    CACHE 1
);


--
-- Name: users_user_id_seq; Type: SEQUENCE; Schema: public; Owner: hotel_user
--

ALTER TABLE public.users_user ALTER COLUMN id ADD GENERATED BY DEFAULT AS IDENTITY (
    SEQUENCE NAME public.users_user_id_seq
    START WITH 1
    INCREMENT BY 1
    NO MINVALUE
    NO MAXVALUE
    CACHE 1
);


--
-- Name: users_user_user_permissions; Type: TABLE; Schema: public; Owner: hotel_user
--

CREATE TABLE public.users_user_user_permissions (
    id bigint NOT NULL,
    user_id bigint NOT NULL,
    permission_id integer NOT NULL
);


ALTER TABLE public.users_user_user_permissions OWNER TO hotel_user;

--
-- Name: users_user_user_permissions_id_seq; Type: SEQUENCE; Schema: public; Owner: hotel_user
--

ALTER TABLE public.users_user_user_permissions ALTER COLUMN id ADD GENERATED BY DEFAULT AS IDENTITY (
    SEQUENCE NAME public.users_user_user_permissions_id_seq
    START WITH 1
    INCREMENT BY 1
    NO MINVALUE
    NO MAXVALUE
    CACHE 1
);


--
-- Data for Name: amenities_amenity; Type: TABLE DATA; Schema: public; Owner: hotel_user
--

COPY public.amenities_amenity (id, name, description, icon_class) FROM stdin;
2	Bể bơi	Hồ bơi riêng cho mỗi phòng	
3	Gym	Phòng tập Gym	
4	Điều hòa	Điều hòa thoải mái trong phòng, lọc không khí	
5	Tivi	Tivi có mạng, full HD, 4K	
6	Bồn tắm	Bồn tắm 2m	
7	Bãi đậu xe	Có chỗ đậu xe riêng	
8	Wifi		
9	Buffet	Dùng Buffet miễn phí	
\.


--
-- Data for Name: auth_group; Type: TABLE DATA; Schema: public; Owner: hotel_user
--

COPY public.auth_group (id, name) FROM stdin;
\.


--
-- Data for Name: auth_group_permissions; Type: TABLE DATA; Schema: public; Owner: hotel_user
--

COPY public.auth_group_permissions (id, group_id, permission_id) FROM stdin;
\.


--
-- Data for Name: auth_permission; Type: TABLE DATA; Schema: public; Owner: hotel_user
--

COPY public.auth_permission (id, name, content_type_id, codename) FROM stdin;
1	Can add permission	1	add_permission
2	Can change permission	1	change_permission
3	Can delete permission	1	delete_permission
4	Can view permission	1	view_permission
5	Can add group	2	add_group
6	Can change group	2	change_group
7	Can delete group	2	delete_group
8	Can view group	2	view_group
9	Can add content type	3	add_contenttype
10	Can change content type	3	change_contenttype
11	Can delete content type	3	delete_contenttype
12	Can view content type	3	view_contenttype
13	Can add role	4	add_role
14	Can change role	4	change_role
15	Can delete role	4	delete_role
16	Can view role	4	view_role
17	Can add user	5	add_user
18	Can change user	5	change_user
19	Can delete user	5	delete_user
20	Can view user	5	view_user
21	Can add room type	6	add_roomtype
22	Can change room type	6	change_roomtype
23	Can delete room type	6	delete_roomtype
24	Can view room type	6	view_roomtype
25	Can add room	7	add_room
26	Can change room	7	change_room
27	Can delete room	7	delete_room
28	Can view room	7	view_room
29	Can add customer	8	add_customer
30	Can change customer	8	change_customer
31	Can delete customer	8	delete_customer
32	Can view customer	8	view_customer
33	Can add booking	9	add_booking
34	Can change booking	9	change_booking
35	Can delete booking	9	delete_booking
36	Can view booking	9	view_booking
37	Can add log entry	10	add_logentry
38	Can change log entry	10	change_logentry
39	Can delete log entry	10	delete_logentry
40	Can view log entry	10	view_logentry
41	Can add session	11	add_session
42	Can change session	11	change_session
43	Can delete session	11	delete_session
44	Can view session	11	view_session
45	Can add invoice	12	add_invoice
46	Can change invoice	12	change_invoice
47	Can delete invoice	12	delete_invoice
48	Can view invoice	12	view_invoice
49	Can add amenity	13	add_amenity
50	Can change amenity	13	change_amenity
51	Can delete amenity	13	delete_amenity
52	Can view amenity	13	view_amenity
\.


--
-- Data for Name: bookings_booking; Type: TABLE DATA; Schema: public; Owner: hotel_user
--

COPY public.bookings_booking (id, check_in_date, check_out_date, status, total_price, created_at, notes, created_by_id, customer_id, room_id) FROM stdin;
15	2025-06-26 17:00:00+00	2025-06-27 17:00:00+00	pending	600000.00	2025-06-25 18:20:33.983044+00		1	2	5
16	2025-06-26 17:00:00+00	2025-06-27 17:00:00+00	pending	200000.00	2025-06-26 04:02:07.838527+00		1	2	1
14	2025-06-26 17:00:00+00	2025-06-27 17:00:00+00	checked_out	1500000.00	2025-06-25 18:18:05.299368+00		1	3	8
13	2025-06-26 17:00:00+00	2025-06-27 17:00:00+00	checked_out	1500000.00	2025-06-25 18:11:09.142371+00		1	3	7
9	2025-06-26 17:00:00+00	2025-06-27 17:00:00+00	checked_out	600000.00	2025-06-25 17:58:10.380949+00		1	2	5
17	2025-06-26 17:00:00+00	2025-06-27 17:00:00+00	checked_in	1500000.00	2025-06-26 17:00:57.667739+00		1	5	8
18	2025-06-27 17:00:00+00	2025-06-28 17:00:00+00	confirmed	600000.00	2025-06-26 17:42:22.729277+00		1	4	5
20	2025-06-26 17:00:00+00	2025-06-27 17:00:00+00	checked_out	600000.00	2025-06-26 17:43:45.234959+00		1	3	4
11	2025-06-26 17:00:00+00	2025-06-27 17:00:00+00	checked_out	600000.00	2025-06-25 18:00:53.999892+00		1	2	6
21	2025-06-27 17:00:00+00	2025-06-28 17:00:00+00	checked_in	200000.00	2025-06-26 18:06:25.61222+00		2	3	2
22	2025-06-27 17:00:00+00	2025-06-28 17:00:00+00	checked_in	600000.00	2025-06-26 18:19:14.644062+00		2	2	4
23	2025-06-26 17:00:00+00	2025-06-27 17:00:00+00	checked_in	600000.00	2025-06-26 18:26:43.989051+00		2	2	6
\.


--
-- Data for Name: customers_customer; Type: TABLE DATA; Schema: public; Owner: hotel_user
--

COPY public.customers_customer (id, full_name, email, phone_number, address, id_card_number, created_at) FROM stdin;
1	Le Van B	customer1@example.com	0471841314	So 18 Tan Chanh Hiep	124141555	2025-06-19 07:01:13.250947+00
2	Le Van B	lethong@gmail.com	441515266	114 Tân Chánh Hiệp 18, phường Tân Chánh Hiệp	452526374747	2025-06-25 07:55:22.23924+00
3	Thông Lê Hữu	lethong1@gmail.com	0414141245	114 Tân Chánh Hiệp 18, phường Tân Chánh Hiệp	4525263747472	2025-06-25 18:09:33.678562+00
4	Le Van D	lethong2@gmail.com	04141412452	fụhr141	4525263747441	2025-06-26 17:00:01.599546+00
5	Le Van D	lethong3@gmail.com	0414141241	da2 3r25	45252637474722	2025-06-26 17:00:56.945637+00
\.


--
-- Data for Name: django_admin_log; Type: TABLE DATA; Schema: public; Owner: hotel_user
--

COPY public.django_admin_log (id, action_time, object_id, object_repr, action_flag, change_message, content_type_id, user_id) FROM stdin;
1	2025-06-19 03:26:07.78229+00	1	admin	1	[{"added": {}}]	4	1
2	2025-06-19 03:26:42.607572+00	1	admin	2	[{"changed": {"fields": ["Role", "H\\u1ecd v\\u00e0 t\\u00ean", "S\\u1ed1 \\u0111i\\u1ec7n tho\\u1ea1i"]}}]	5	1
3	2025-06-19 03:26:52.467729+00	1	admin	2	[]	5	1
4	2025-06-19 03:39:06.335916+00	2	user	1	[{"added": {}}]	4	1
5	2025-06-19 03:39:08.534125+00	2	user1	2	[{"changed": {"fields": ["Role"]}}]	5	1
6	2025-06-19 06:52:12.394923+00	3	manager	1	[{"added": {}}]	4	1
7	2025-06-19 06:52:27.088706+00	4	manager1	2	[{"changed": {"fields": ["Role"]}}]	5	1
8	2025-06-19 06:52:31.558923+00	5	user3	2	[]	5	1
9	2025-06-19 06:52:39.381781+00	3	user2	2	[{"changed": {"fields": ["Role"]}}]	5	1
10	2025-06-20 08:59:52.763237+00	1	single	1	[{"added": {}}]	6	1
11	2025-06-23 08:49:32.465738+00	1	Wifi	1	[{"added": {}}]	13	1
12	2025-06-23 08:50:31.010236+00	2	Bể bơi	1	[{"added": {}}]	13	1
13	2025-06-23 08:50:49.57041+00	3	Gym	1	[{"added": {}}]	13	1
14	2025-06-23 08:51:12.6614+00	4	Điều hòa	1	[{"added": {}}]	13	1
15	2025-06-23 08:51:32.480213+00	5	Tivi	1	[{"added": {}}]	13	1
16	2025-06-23 08:51:45.175693+00	6	Bồn tắm	1	[{"added": {}}]	13	1
17	2025-06-23 08:51:59.090903+00	7	Bãi đậu xe	1	[{"added": {}}]	13	1
18	2025-06-23 08:54:12.029747+00	8	Wifi	1	[{"added": {}}]	13	1
19	2025-06-23 08:54:35.305629+00	1	Phòng Đơn	2	[{"changed": {"fields": ["T\\u00ean lo\\u1ea1i ph\\u00f2ng", "Ti\\u1ec7n \\u00edch"]}}]	6	1
20	2025-06-23 08:54:45.472161+00	1	Wifi	3		13	1
21	2025-06-23 08:55:52.602287+00	2	Phòng Đôi	1	[{"added": {}}]	6	1
22	2025-06-23 08:57:00.424169+00	9	Buffet	1	[{"added": {}}]	13	1
23	2025-06-23 08:57:04.989204+00	3	Phòng Gia Đình	1	[{"added": {}}]	6	1
24	2025-06-23 08:57:37.901691+00	1	Room 101 - Phòng Đơn	1	[{"added": {}}]	7	1
25	2025-06-23 08:57:49.423422+00	2	Room 102 - Phòng Đơn	1	[{"added": {}}]	7	1
26	2025-06-23 08:57:57.161441+00	3	Room 103 - Phòng Đơn	1	[{"added": {}}]	7	1
27	2025-06-23 08:58:07.071813+00	4	Room 201 - Phòng Đôi	1	[{"added": {}}]	7	1
28	2025-06-23 08:58:13.501653+00	5	Room 202 - Phòng Đôi	1	[{"added": {}}]	7	1
29	2025-06-23 08:58:21.242128+00	6	Room 203 - Phòng Đôi	1	[{"added": {}}]	7	1
30	2025-06-23 08:58:28.563309+00	7	Room 301 - Phòng Gia Đình	1	[{"added": {}}]	7	1
31	2025-06-23 08:58:36.128043+00	8	Room 302 - Phòng Gia Đình	1	[{"added": {}}]	7	1
32	2025-06-23 08:58:41.701306+00	9	Room 303 - Phòng Gia Đình	1	[{"added": {}}]	7	1
\.


--
-- Data for Name: django_content_type; Type: TABLE DATA; Schema: public; Owner: hotel_user
--

COPY public.django_content_type (id, app_label, model) FROM stdin;
1	auth	permission
2	auth	group
3	contenttypes	contenttype
4	users	role
5	users	user
6	rooms	roomtype
7	rooms	room
8	customers	customer
9	bookings	booking
10	admin	logentry
11	sessions	session
12	invoices	invoice
13	amenities	amenity
\.


--
-- Data for Name: django_migrations; Type: TABLE DATA; Schema: public; Owner: hotel_user
--

COPY public.django_migrations (id, app, name, applied) FROM stdin;
1	contenttypes	0001_initial	2025-06-17 08:16:43.355278+00
2	contenttypes	0002_remove_content_type_name	2025-06-17 08:16:43.360328+00
3	auth	0001_initial	2025-06-17 08:16:43.394762+00
4	auth	0002_alter_permission_name_max_length	2025-06-17 08:16:43.400014+00
5	auth	0003_alter_user_email_max_length	2025-06-17 08:16:43.404015+00
6	auth	0004_alter_user_username_opts	2025-06-17 08:16:43.408019+00
7	auth	0005_alter_user_last_login_null	2025-06-17 08:16:43.412016+00
8	auth	0006_require_contenttypes_0002	2025-06-17 08:16:43.414025+00
9	auth	0007_alter_validators_add_error_messages	2025-06-17 08:16:43.419018+00
10	auth	0008_alter_user_username_max_length	2025-06-17 08:16:43.42334+00
11	auth	0009_alter_user_last_name_max_length	2025-06-17 08:16:43.426342+00
12	auth	0010_alter_group_name_max_length	2025-06-17 08:16:43.426342+00
13	auth	0011_update_proxy_permissions	2025-06-17 08:16:43.439307+00
14	auth	0012_alter_user_first_name_max_length	2025-06-17 08:16:43.443305+00
15	users	0001_initial	2025-06-17 08:16:43.47566+00
16	rooms	0001_initial	2025-06-18 05:45:04.453481+00
17	customers	0001_initial	2025-06-18 08:47:47.507165+00
18	bookings	0001_initial	2025-06-18 08:47:47.539354+00
19	admin	0001_initial	2025-06-19 01:52:04.042172+00
20	admin	0002_logentry_remove_auto_add	2025-06-19 01:52:04.049307+00
21	admin	0003_logentry_add_action_flag_choices	2025-06-19 01:52:04.050615+00
22	invoices	0001_initial	2025-06-19 01:52:04.080091+00
23	sessions	0001_initial	2025-06-19 01:52:04.090133+00
24	amenities	0001_initial	2025-06-21 07:48:09.314879+00
25	rooms	0002_roomtype_amenities_alter_roomtype_capacity_and_more	2025-06-21 07:48:09.36175+00
26	bookings	0002_booking_actual_check_out_date	2025-06-25 03:49:54.20195+00
27	bookings	0003_remove_booking_actual_check_out_date	2025-06-25 03:49:54.579109+00
28	invoices	0002_alter_invoice_created_by	2025-06-26 09:47:16.414151+00
\.


--
-- Data for Name: django_session; Type: TABLE DATA; Schema: public; Owner: hotel_user
--

COPY public.django_session (session_key, session_data, expire_date) FROM stdin;
bf6e0ogwp3jv71ap1yc9ssos2odmujpr	.eJxVjMsOwiAQRf-FtSE8Bigu3fsNZGBAqgaS0q6M_65NutDtPefcFwu4rTVsIy9hJnZmkp1-t4jpkdsO6I7t1nnqbV3myHeFH3Twa6f8vBzu30HFUb81Sm1cyQWd9tImWVQBrTAbMjoacBAnZT0Yq4uUSBATiUlAoeSFAU_s_QHcJjeh:1uS5ou:iiou9BRF5nPPXcu5IR_2E7Opg9Vfl8gt6VHpqHNxPSk	2025-07-03 03:20:08.526709+00
\.


--
-- Data for Name: invoices_invoice; Type: TABLE DATA; Schema: public; Owner: hotel_user
--

COPY public.invoices_invoice (id, invoice_number, issue_date, due_date, total_amount, status, notes, booking_id, created_by_id) FROM stdin;
15	INV-20-20250626	2025-06-26 17:43:45.301399+00	2025-06-26 17:00:00+00	600000.00	paid		20	1
13	INV-18-20250626	2025-06-26 17:42:22.792123+00	2025-06-27 17:00:00+00	600000.00	pending		18	1
12	INV-17-20250626	2025-06-26 17:00:57.737015+00	2025-06-26 17:00:00+00	1500000.00	pending		17	1
11	INV-16-20250626	2025-06-26 04:02:07.928829+00	2025-06-26 17:00:00+00	200000.00	pending		16	1
10	INV-15-20250625	2025-06-25 18:20:34.045229+00	2025-06-26 17:00:00+00	600000.00	pending		15	1
9	INV-14-20250625	2025-06-25 18:18:05.362277+00	2025-06-26 17:00:00+00	1500000.00	paid		14	1
8	INV-13-20250625	2025-06-25 18:11:09.211678+00	2025-06-26 17:00:00+00	1500000.00	paid		13	1
6	INV-11-20250625	2025-06-25 18:00:54.067842+00	2025-06-26 17:00:00+00	600000.00	paid		11	1
4	INV-9-20250625	2025-06-25 17:58:10.452884+00	2025-06-26 17:00:00+00	600000.00	paid		9	1
16	INV-21-20250626	2025-06-26 18:06:25.683646+00	2025-06-27 17:00:00+00	200000.00	pending		21	2
17	INV-22-20250626	2025-06-26 18:19:14.715775+00	2025-06-27 17:00:00+00	600000.00	pending		22	2
18	INV-23-20250626	2025-06-26 18:26:44.054109+00	2025-06-26 17:00:00+00	600000.00	pending		23	2
\.


--
-- Data for Name: rooms_room; Type: TABLE DATA; Schema: public; Owner: hotel_user
--

COPY public.rooms_room (id, room_number, status, floor, created_at, room_type_id) FROM stdin;
9	303	available	3	2025-06-23 08:58:41.700319+00	3
7	301	available	3	2025-06-23 08:58:28.563309+00	3
5	202	available	2	2025-06-23 08:58:13.500654+00	2
8	302	occupied	3	2025-06-23 08:58:36.127043+00	3
2	102	occupied	1	2025-06-23 08:57:49.423422+00	1
4	201	occupied	2	2025-06-23 08:58:07.070819+00	2
6	203	occupied	2	2025-06-23 08:58:21.241137+00	2
1	101	available	1	2025-06-23 08:57:37.900661+00	1
3	103	available	1	2025-06-23 08:57:57.160428+00	1
\.


--
-- Data for Name: rooms_roomtype; Type: TABLE DATA; Schema: public; Owner: hotel_user
--

COPY public.rooms_roomtype (id, name, description, price_per_night, capacity) FROM stdin;
1	Phòng Đơn	1 Giường\nDành cho một người	200000.00	1
2	Phòng Đôi	2 giường\nDành cho 2 người lớn	600000.00	2
3	Phòng Gia Đình	3 giường\nDành cho 5 đến 7 người	1500000.00	7
\.


--
-- Data for Name: rooms_roomtype_amenities; Type: TABLE DATA; Schema: public; Owner: hotel_user
--

COPY public.rooms_roomtype_amenities (id, roomtype_id, amenity_id) FROM stdin;
2	1	4
3	1	5
4	2	2
5	2	3
6	2	4
7	2	5
8	2	6
9	2	8
10	3	2
11	3	3
12	3	4
13	3	5
14	3	6
15	3	7
16	3	8
17	3	9
\.


--
-- Data for Name: users_role; Type: TABLE DATA; Schema: public; Owner: hotel_user
--

COPY public.users_role (id, role) FROM stdin;
1	admin
2	user
3	manager
\.


--
-- Data for Name: users_user; Type: TABLE DATA; Schema: public; Owner: hotel_user
--

COPY public.users_user (id, password, last_login, is_superuser, username, first_name, last_name, is_staff, is_active, date_joined, full_name, phone_number, address, email, created_at, role_id) FROM stdin;
1	pbkdf2_sha256$1000000$aWUKTJiT2EhffyqrBgoDtD$F4kpKFXiGSdIT146czq/uJC6XQPQA9xFRlbU0PE5fQg=	2025-06-19 03:20:08+00	t	admin			t	t	2025-06-19 03:19:36+00	Thông Lê Hữu	0414141245		admin@example.com	2025-06-19 03:19:37.423169+00	1
2	pbkdf2_sha256$1000000$SDILvD4bjq6rQ0STP9RvjJ$MZjDZXz09GMnvQHufBRVPETEMZEny/vFlLedxFmmc00=	\N	f	user1			f	t	2025-06-19 03:35:58+00	Nguyen Van A			user1@example.com	2025-06-19 03:35:59.186382+00	2
4	pbkdf2_sha256$1000000$rFWmc5H3qtv1ONcnkb2i4Y$s3LQp0qR9MoLfInArzFybXKOt8Me0OUThCY1yPKWCzQ=	\N	f	manager1			f	t	2025-06-19 03:40:03+00	Le Van C			manager1@example.com	2025-06-19 03:40:04.616007+00	3
5	pbkdf2_sha256$1000000$XDhOfuvGbmgmylVBhAAIKA$/ibxF/xLjSa7a5kP15lHy6qERZzExGEsLX4fBnfPhKM=	\N	f	user3			f	t	2025-06-19 06:51:40+00	Le Van D			user3@example.com	2025-06-19 06:51:40.960619+00	2
3	pbkdf2_sha256$1000000$kRkStNTFRUkG40Xe6YEwLC$EeIxNt/Dq3jmIWhKt+gEp2CZm5RQvvdm1eGLvO7XdEQ=	\N	f	user2			f	t	2025-06-19 03:36:07+00	Nguyen Van B			user2@example.com	2025-06-19 03:36:08.408496+00	2
\.


--
-- Data for Name: users_user_groups; Type: TABLE DATA; Schema: public; Owner: hotel_user
--

COPY public.users_user_groups (id, user_id, group_id) FROM stdin;
\.


--
-- Data for Name: users_user_user_permissions; Type: TABLE DATA; Schema: public; Owner: hotel_user
--

COPY public.users_user_user_permissions (id, user_id, permission_id) FROM stdin;
\.


--
-- Name: amenities_amenity_id_seq; Type: SEQUENCE SET; Schema: public; Owner: hotel_user
--

SELECT pg_catalog.setval('public.amenities_amenity_id_seq', 9, true);


--
-- Name: auth_group_id_seq; Type: SEQUENCE SET; Schema: public; Owner: hotel_user
--

SELECT pg_catalog.setval('public.auth_group_id_seq', 1, false);


--
-- Name: auth_group_permissions_id_seq; Type: SEQUENCE SET; Schema: public; Owner: hotel_user
--

SELECT pg_catalog.setval('public.auth_group_permissions_id_seq', 1, false);


--
-- Name: auth_permission_id_seq; Type: SEQUENCE SET; Schema: public; Owner: hotel_user
--

SELECT pg_catalog.setval('public.auth_permission_id_seq', 52, true);


--
-- Name: bookings_booking_id_seq; Type: SEQUENCE SET; Schema: public; Owner: hotel_user
--

SELECT pg_catalog.setval('public.bookings_booking_id_seq', 23, true);


--
-- Name: customers_customer_id_seq; Type: SEQUENCE SET; Schema: public; Owner: hotel_user
--

SELECT pg_catalog.setval('public.customers_customer_id_seq', 5, true);


--
-- Name: django_admin_log_id_seq; Type: SEQUENCE SET; Schema: public; Owner: hotel_user
--

SELECT pg_catalog.setval('public.django_admin_log_id_seq', 32, true);


--
-- Name: django_content_type_id_seq; Type: SEQUENCE SET; Schema: public; Owner: hotel_user
--

SELECT pg_catalog.setval('public.django_content_type_id_seq', 13, true);


--
-- Name: django_migrations_id_seq; Type: SEQUENCE SET; Schema: public; Owner: hotel_user
--

SELECT pg_catalog.setval('public.django_migrations_id_seq', 28, true);


--
-- Name: invoices_invoice_id_seq; Type: SEQUENCE SET; Schema: public; Owner: hotel_user
--

SELECT pg_catalog.setval('public.invoices_invoice_id_seq', 18, true);


--
-- Name: rooms_room_id_seq; Type: SEQUENCE SET; Schema: public; Owner: hotel_user
--

SELECT pg_catalog.setval('public.rooms_room_id_seq', 10, true);


--
-- Name: rooms_roomtype_amenities_id_seq; Type: SEQUENCE SET; Schema: public; Owner: hotel_user
--

SELECT pg_catalog.setval('public.rooms_roomtype_amenities_id_seq', 23, true);


--
-- Name: rooms_roomtype_id_seq; Type: SEQUENCE SET; Schema: public; Owner: hotel_user
--

SELECT pg_catalog.setval('public.rooms_roomtype_id_seq', 4, true);


--
-- Name: users_role_id_seq; Type: SEQUENCE SET; Schema: public; Owner: hotel_user
--

SELECT pg_catalog.setval('public.users_role_id_seq', 3, true);


--
-- Name: users_user_groups_id_seq; Type: SEQUENCE SET; Schema: public; Owner: hotel_user
--

SELECT pg_catalog.setval('public.users_user_groups_id_seq', 1, false);


--
-- Name: users_user_id_seq; Type: SEQUENCE SET; Schema: public; Owner: hotel_user
--

SELECT pg_catalog.setval('public.users_user_id_seq', 5, true);


--
-- Name: users_user_user_permissions_id_seq; Type: SEQUENCE SET; Schema: public; Owner: hotel_user
--

SELECT pg_catalog.setval('public.users_user_user_permissions_id_seq', 1, false);


--
-- Name: amenities_amenity amenities_amenity_pkey; Type: CONSTRAINT; Schema: public; Owner: hotel_user
--

ALTER TABLE ONLY public.amenities_amenity
    ADD CONSTRAINT amenities_amenity_pkey PRIMARY KEY (id);


--
-- Name: auth_group auth_group_name_key; Type: CONSTRAINT; Schema: public; Owner: hotel_user
--

ALTER TABLE ONLY public.auth_group
    ADD CONSTRAINT auth_group_name_key UNIQUE (name);


--
-- Name: auth_group_permissions auth_group_permissions_group_id_permission_id_0cd325b0_uniq; Type: CONSTRAINT; Schema: public; Owner: hotel_user
--

ALTER TABLE ONLY public.auth_group_permissions
    ADD CONSTRAINT auth_group_permissions_group_id_permission_id_0cd325b0_uniq UNIQUE (group_id, permission_id);


--
-- Name: auth_group_permissions auth_group_permissions_pkey; Type: CONSTRAINT; Schema: public; Owner: hotel_user
--

ALTER TABLE ONLY public.auth_group_permissions
    ADD CONSTRAINT auth_group_permissions_pkey PRIMARY KEY (id);


--
-- Name: auth_group auth_group_pkey; Type: CONSTRAINT; Schema: public; Owner: hotel_user
--

ALTER TABLE ONLY public.auth_group
    ADD CONSTRAINT auth_group_pkey PRIMARY KEY (id);


--
-- Name: auth_permission auth_permission_content_type_id_codename_01ab375a_uniq; Type: CONSTRAINT; Schema: public; Owner: hotel_user
--

ALTER TABLE ONLY public.auth_permission
    ADD CONSTRAINT auth_permission_content_type_id_codename_01ab375a_uniq UNIQUE (content_type_id, codename);


--
-- Name: auth_permission auth_permission_pkey; Type: CONSTRAINT; Schema: public; Owner: hotel_user
--

ALTER TABLE ONLY public.auth_permission
    ADD CONSTRAINT auth_permission_pkey PRIMARY KEY (id);


--
-- Name: bookings_booking bookings_booking_pkey; Type: CONSTRAINT; Schema: public; Owner: hotel_user
--

ALTER TABLE ONLY public.bookings_booking
    ADD CONSTRAINT bookings_booking_pkey PRIMARY KEY (id);


--
-- Name: customers_customer customers_customer_email_key; Type: CONSTRAINT; Schema: public; Owner: hotel_user
--

ALTER TABLE ONLY public.customers_customer
    ADD CONSTRAINT customers_customer_email_key UNIQUE (email);


--
-- Name: customers_customer customers_customer_id_card_number_key; Type: CONSTRAINT; Schema: public; Owner: hotel_user
--

ALTER TABLE ONLY public.customers_customer
    ADD CONSTRAINT customers_customer_id_card_number_key UNIQUE (id_card_number);


--
-- Name: customers_customer customers_customer_pkey; Type: CONSTRAINT; Schema: public; Owner: hotel_user
--

ALTER TABLE ONLY public.customers_customer
    ADD CONSTRAINT customers_customer_pkey PRIMARY KEY (id);


--
-- Name: django_admin_log django_admin_log_pkey; Type: CONSTRAINT; Schema: public; Owner: hotel_user
--

ALTER TABLE ONLY public.django_admin_log
    ADD CONSTRAINT django_admin_log_pkey PRIMARY KEY (id);


--
-- Name: django_content_type django_content_type_app_label_model_76bd3d3b_uniq; Type: CONSTRAINT; Schema: public; Owner: hotel_user
--

ALTER TABLE ONLY public.django_content_type
    ADD CONSTRAINT django_content_type_app_label_model_76bd3d3b_uniq UNIQUE (app_label, model);


--
-- Name: django_content_type django_content_type_pkey; Type: CONSTRAINT; Schema: public; Owner: hotel_user
--

ALTER TABLE ONLY public.django_content_type
    ADD CONSTRAINT django_content_type_pkey PRIMARY KEY (id);


--
-- Name: django_migrations django_migrations_pkey; Type: CONSTRAINT; Schema: public; Owner: hotel_user
--

ALTER TABLE ONLY public.django_migrations
    ADD CONSTRAINT django_migrations_pkey PRIMARY KEY (id);


--
-- Name: django_session django_session_pkey; Type: CONSTRAINT; Schema: public; Owner: hotel_user
--

ALTER TABLE ONLY public.django_session
    ADD CONSTRAINT django_session_pkey PRIMARY KEY (session_key);


--
-- Name: invoices_invoice invoices_invoice_booking_id_key; Type: CONSTRAINT; Schema: public; Owner: hotel_user
--

ALTER TABLE ONLY public.invoices_invoice
    ADD CONSTRAINT invoices_invoice_booking_id_key UNIQUE (booking_id);


--
-- Name: invoices_invoice invoices_invoice_invoice_number_key; Type: CONSTRAINT; Schema: public; Owner: hotel_user
--

ALTER TABLE ONLY public.invoices_invoice
    ADD CONSTRAINT invoices_invoice_invoice_number_key UNIQUE (invoice_number);


--
-- Name: invoices_invoice invoices_invoice_pkey; Type: CONSTRAINT; Schema: public; Owner: hotel_user
--

ALTER TABLE ONLY public.invoices_invoice
    ADD CONSTRAINT invoices_invoice_pkey PRIMARY KEY (id);


--
-- Name: rooms_room rooms_room_pkey; Type: CONSTRAINT; Schema: public; Owner: hotel_user
--

ALTER TABLE ONLY public.rooms_room
    ADD CONSTRAINT rooms_room_pkey PRIMARY KEY (id);


--
-- Name: rooms_room rooms_room_room_number_key; Type: CONSTRAINT; Schema: public; Owner: hotel_user
--

ALTER TABLE ONLY public.rooms_room
    ADD CONSTRAINT rooms_room_room_number_key UNIQUE (room_number);


--
-- Name: rooms_roomtype_amenities rooms_roomtype_amenities_pkey; Type: CONSTRAINT; Schema: public; Owner: hotel_user
--

ALTER TABLE ONLY public.rooms_roomtype_amenities
    ADD CONSTRAINT rooms_roomtype_amenities_pkey PRIMARY KEY (id);


--
-- Name: rooms_roomtype_amenities rooms_roomtype_amenities_roomtype_id_amenity_id_5bc5801f_uniq; Type: CONSTRAINT; Schema: public; Owner: hotel_user
--

ALTER TABLE ONLY public.rooms_roomtype_amenities
    ADD CONSTRAINT rooms_roomtype_amenities_roomtype_id_amenity_id_5bc5801f_uniq UNIQUE (roomtype_id, amenity_id);


--
-- Name: rooms_roomtype rooms_roomtype_pkey; Type: CONSTRAINT; Schema: public; Owner: hotel_user
--

ALTER TABLE ONLY public.rooms_roomtype
    ADD CONSTRAINT rooms_roomtype_pkey PRIMARY KEY (id);


--
-- Name: users_role users_role_pkey; Type: CONSTRAINT; Schema: public; Owner: hotel_user
--

ALTER TABLE ONLY public.users_role
    ADD CONSTRAINT users_role_pkey PRIMARY KEY (id);


--
-- Name: users_role users_role_role_key; Type: CONSTRAINT; Schema: public; Owner: hotel_user
--

ALTER TABLE ONLY public.users_role
    ADD CONSTRAINT users_role_role_key UNIQUE (role);


--
-- Name: users_user users_user_email_key; Type: CONSTRAINT; Schema: public; Owner: hotel_user
--

ALTER TABLE ONLY public.users_user
    ADD CONSTRAINT users_user_email_key UNIQUE (email);


--
-- Name: users_user_groups users_user_groups_pkey; Type: CONSTRAINT; Schema: public; Owner: hotel_user
--

ALTER TABLE ONLY public.users_user_groups
    ADD CONSTRAINT users_user_groups_pkey PRIMARY KEY (id);


--
-- Name: users_user_groups users_user_groups_user_id_group_id_b88eab82_uniq; Type: CONSTRAINT; Schema: public; Owner: hotel_user
--

ALTER TABLE ONLY public.users_user_groups
    ADD CONSTRAINT users_user_groups_user_id_group_id_b88eab82_uniq UNIQUE (user_id, group_id);


--
-- Name: users_user users_user_pkey; Type: CONSTRAINT; Schema: public; Owner: hotel_user
--

ALTER TABLE ONLY public.users_user
    ADD CONSTRAINT users_user_pkey PRIMARY KEY (id);


--
-- Name: users_user_user_permissions users_user_user_permissions_pkey; Type: CONSTRAINT; Schema: public; Owner: hotel_user
--

ALTER TABLE ONLY public.users_user_user_permissions
    ADD CONSTRAINT users_user_user_permissions_pkey PRIMARY KEY (id);


--
-- Name: users_user_user_permissions users_user_user_permissions_user_id_permission_id_43338c45_uniq; Type: CONSTRAINT; Schema: public; Owner: hotel_user
--

ALTER TABLE ONLY public.users_user_user_permissions
    ADD CONSTRAINT users_user_user_permissions_user_id_permission_id_43338c45_uniq UNIQUE (user_id, permission_id);


--
-- Name: users_user users_user_username_key; Type: CONSTRAINT; Schema: public; Owner: hotel_user
--

ALTER TABLE ONLY public.users_user
    ADD CONSTRAINT users_user_username_key UNIQUE (username);


--
-- Name: auth_group_name_a6ea08ec_like; Type: INDEX; Schema: public; Owner: hotel_user
--

CREATE INDEX auth_group_name_a6ea08ec_like ON public.auth_group USING btree (name varchar_pattern_ops);


--
-- Name: auth_group_permissions_group_id_b120cbf9; Type: INDEX; Schema: public; Owner: hotel_user
--

CREATE INDEX auth_group_permissions_group_id_b120cbf9 ON public.auth_group_permissions USING btree (group_id);


--
-- Name: auth_group_permissions_permission_id_84c5c92e; Type: INDEX; Schema: public; Owner: hotel_user
--

CREATE INDEX auth_group_permissions_permission_id_84c5c92e ON public.auth_group_permissions USING btree (permission_id);


--
-- Name: auth_permission_content_type_id_2f476e4b; Type: INDEX; Schema: public; Owner: hotel_user
--

CREATE INDEX auth_permission_content_type_id_2f476e4b ON public.auth_permission USING btree (content_type_id);


--
-- Name: bookings_booking_created_by_id_d8a2f432; Type: INDEX; Schema: public; Owner: hotel_user
--

CREATE INDEX bookings_booking_created_by_id_d8a2f432 ON public.bookings_booking USING btree (created_by_id);


--
-- Name: bookings_booking_customer_id_6b4bdaa9; Type: INDEX; Schema: public; Owner: hotel_user
--

CREATE INDEX bookings_booking_customer_id_6b4bdaa9 ON public.bookings_booking USING btree (customer_id);


--
-- Name: bookings_booking_room_id_6f0fa517; Type: INDEX; Schema: public; Owner: hotel_user
--

CREATE INDEX bookings_booking_room_id_6f0fa517 ON public.bookings_booking USING btree (room_id);


--
-- Name: customers_customer_email_300e404b_like; Type: INDEX; Schema: public; Owner: hotel_user
--

CREATE INDEX customers_customer_email_300e404b_like ON public.customers_customer USING btree (email varchar_pattern_ops);


--
-- Name: customers_customer_id_card_number_c1a86fea_like; Type: INDEX; Schema: public; Owner: hotel_user
--

CREATE INDEX customers_customer_id_card_number_c1a86fea_like ON public.customers_customer USING btree (id_card_number varchar_pattern_ops);


--
-- Name: django_admin_log_content_type_id_c4bce8eb; Type: INDEX; Schema: public; Owner: hotel_user
--

CREATE INDEX django_admin_log_content_type_id_c4bce8eb ON public.django_admin_log USING btree (content_type_id);


--
-- Name: django_admin_log_user_id_c564eba6; Type: INDEX; Schema: public; Owner: hotel_user
--

CREATE INDEX django_admin_log_user_id_c564eba6 ON public.django_admin_log USING btree (user_id);


--
-- Name: django_session_expire_date_a5c62663; Type: INDEX; Schema: public; Owner: hotel_user
--

CREATE INDEX django_session_expire_date_a5c62663 ON public.django_session USING btree (expire_date);


--
-- Name: django_session_session_key_c0390e0f_like; Type: INDEX; Schema: public; Owner: hotel_user
--

CREATE INDEX django_session_session_key_c0390e0f_like ON public.django_session USING btree (session_key varchar_pattern_ops);


--
-- Name: invoices_invoice_created_by_id_9b878bcd; Type: INDEX; Schema: public; Owner: hotel_user
--

CREATE INDEX invoices_invoice_created_by_id_9b878bcd ON public.invoices_invoice USING btree (created_by_id);


--
-- Name: invoices_invoice_invoice_number_69d5c6a9_like; Type: INDEX; Schema: public; Owner: hotel_user
--

CREATE INDEX invoices_invoice_invoice_number_69d5c6a9_like ON public.invoices_invoice USING btree (invoice_number varchar_pattern_ops);


--
-- Name: rooms_room_room_number_bdf83a87_like; Type: INDEX; Schema: public; Owner: hotel_user
--

CREATE INDEX rooms_room_room_number_bdf83a87_like ON public.rooms_room USING btree (room_number varchar_pattern_ops);


--
-- Name: rooms_room_room_type_id_d6bd9615; Type: INDEX; Schema: public; Owner: hotel_user
--

CREATE INDEX rooms_room_room_type_id_d6bd9615 ON public.rooms_room USING btree (room_type_id);


--
-- Name: rooms_roomtype_amenities_amenity_id_0870b8a0; Type: INDEX; Schema: public; Owner: hotel_user
--

CREATE INDEX rooms_roomtype_amenities_amenity_id_0870b8a0 ON public.rooms_roomtype_amenities USING btree (amenity_id);


--
-- Name: rooms_roomtype_amenities_roomtype_id_99f111bf; Type: INDEX; Schema: public; Owner: hotel_user
--

CREATE INDEX rooms_roomtype_amenities_roomtype_id_99f111bf ON public.rooms_roomtype_amenities USING btree (roomtype_id);


--
-- Name: users_role_role_9025064e_like; Type: INDEX; Schema: public; Owner: hotel_user
--

CREATE INDEX users_role_role_9025064e_like ON public.users_role USING btree (role varchar_pattern_ops);


--
-- Name: users_user_email_243f6e77_like; Type: INDEX; Schema: public; Owner: hotel_user
--

CREATE INDEX users_user_email_243f6e77_like ON public.users_user USING btree (email varchar_pattern_ops);


--
-- Name: users_user_groups_group_id_9afc8d0e; Type: INDEX; Schema: public; Owner: hotel_user
--

CREATE INDEX users_user_groups_group_id_9afc8d0e ON public.users_user_groups USING btree (group_id);


--
-- Name: users_user_groups_user_id_5f6f5a90; Type: INDEX; Schema: public; Owner: hotel_user
--

CREATE INDEX users_user_groups_user_id_5f6f5a90 ON public.users_user_groups USING btree (user_id);


--
-- Name: users_user_role_id_854f2687; Type: INDEX; Schema: public; Owner: hotel_user
--

CREATE INDEX users_user_role_id_854f2687 ON public.users_user USING btree (role_id);


--
-- Name: users_user_user_permissions_permission_id_0b93982e; Type: INDEX; Schema: public; Owner: hotel_user
--

CREATE INDEX users_user_user_permissions_permission_id_0b93982e ON public.users_user_user_permissions USING btree (permission_id);


--
-- Name: users_user_user_permissions_user_id_20aca447; Type: INDEX; Schema: public; Owner: hotel_user
--

CREATE INDEX users_user_user_permissions_user_id_20aca447 ON public.users_user_user_permissions USING btree (user_id);


--
-- Name: users_user_username_06e46fe6_like; Type: INDEX; Schema: public; Owner: hotel_user
--

CREATE INDEX users_user_username_06e46fe6_like ON public.users_user USING btree (username varchar_pattern_ops);


--
-- Name: auth_group_permissions auth_group_permissio_permission_id_84c5c92e_fk_auth_perm; Type: FK CONSTRAINT; Schema: public; Owner: hotel_user
--

ALTER TABLE ONLY public.auth_group_permissions
    ADD CONSTRAINT auth_group_permissio_permission_id_84c5c92e_fk_auth_perm FOREIGN KEY (permission_id) REFERENCES public.auth_permission(id) DEFERRABLE INITIALLY DEFERRED;


--
-- Name: auth_group_permissions auth_group_permissions_group_id_b120cbf9_fk_auth_group_id; Type: FK CONSTRAINT; Schema: public; Owner: hotel_user
--

ALTER TABLE ONLY public.auth_group_permissions
    ADD CONSTRAINT auth_group_permissions_group_id_b120cbf9_fk_auth_group_id FOREIGN KEY (group_id) REFERENCES public.auth_group(id) DEFERRABLE INITIALLY DEFERRED;


--
-- Name: auth_permission auth_permission_content_type_id_2f476e4b_fk_django_co; Type: FK CONSTRAINT; Schema: public; Owner: hotel_user
--

ALTER TABLE ONLY public.auth_permission
    ADD CONSTRAINT auth_permission_content_type_id_2f476e4b_fk_django_co FOREIGN KEY (content_type_id) REFERENCES public.django_content_type(id) DEFERRABLE INITIALLY DEFERRED;


--
-- Name: bookings_booking bookings_booking_created_by_id_d8a2f432_fk_users_user_id; Type: FK CONSTRAINT; Schema: public; Owner: hotel_user
--

ALTER TABLE ONLY public.bookings_booking
    ADD CONSTRAINT bookings_booking_created_by_id_d8a2f432_fk_users_user_id FOREIGN KEY (created_by_id) REFERENCES public.users_user(id) DEFERRABLE INITIALLY DEFERRED;


--
-- Name: bookings_booking bookings_booking_customer_id_6b4bdaa9_fk_customers_customer_id; Type: FK CONSTRAINT; Schema: public; Owner: hotel_user
--

ALTER TABLE ONLY public.bookings_booking
    ADD CONSTRAINT bookings_booking_customer_id_6b4bdaa9_fk_customers_customer_id FOREIGN KEY (customer_id) REFERENCES public.customers_customer(id) DEFERRABLE INITIALLY DEFERRED;


--
-- Name: bookings_booking bookings_booking_room_id_6f0fa517_fk_rooms_room_id; Type: FK CONSTRAINT; Schema: public; Owner: hotel_user
--

ALTER TABLE ONLY public.bookings_booking
    ADD CONSTRAINT bookings_booking_room_id_6f0fa517_fk_rooms_room_id FOREIGN KEY (room_id) REFERENCES public.rooms_room(id) DEFERRABLE INITIALLY DEFERRED;


--
-- Name: django_admin_log django_admin_log_content_type_id_c4bce8eb_fk_django_co; Type: FK CONSTRAINT; Schema: public; Owner: hotel_user
--

ALTER TABLE ONLY public.django_admin_log
    ADD CONSTRAINT django_admin_log_content_type_id_c4bce8eb_fk_django_co FOREIGN KEY (content_type_id) REFERENCES public.django_content_type(id) DEFERRABLE INITIALLY DEFERRED;


--
-- Name: django_admin_log django_admin_log_user_id_c564eba6_fk_users_user_id; Type: FK CONSTRAINT; Schema: public; Owner: hotel_user
--

ALTER TABLE ONLY public.django_admin_log
    ADD CONSTRAINT django_admin_log_user_id_c564eba6_fk_users_user_id FOREIGN KEY (user_id) REFERENCES public.users_user(id) DEFERRABLE INITIALLY DEFERRED;


--
-- Name: invoices_invoice invoices_invoice_booking_id_cb14c0f1_fk_bookings_booking_id; Type: FK CONSTRAINT; Schema: public; Owner: hotel_user
--

ALTER TABLE ONLY public.invoices_invoice
    ADD CONSTRAINT invoices_invoice_booking_id_cb14c0f1_fk_bookings_booking_id FOREIGN KEY (booking_id) REFERENCES public.bookings_booking(id) DEFERRABLE INITIALLY DEFERRED;


--
-- Name: invoices_invoice invoices_invoice_created_by_id_9b878bcd_fk_users_user_id; Type: FK CONSTRAINT; Schema: public; Owner: hotel_user
--

ALTER TABLE ONLY public.invoices_invoice
    ADD CONSTRAINT invoices_invoice_created_by_id_9b878bcd_fk_users_user_id FOREIGN KEY (created_by_id) REFERENCES public.users_user(id) DEFERRABLE INITIALLY DEFERRED;


--
-- Name: rooms_room rooms_room_room_type_id_d6bd9615_fk_rooms_roomtype_id; Type: FK CONSTRAINT; Schema: public; Owner: hotel_user
--

ALTER TABLE ONLY public.rooms_room
    ADD CONSTRAINT rooms_room_room_type_id_d6bd9615_fk_rooms_roomtype_id FOREIGN KEY (room_type_id) REFERENCES public.rooms_roomtype(id) DEFERRABLE INITIALLY DEFERRED;


--
-- Name: rooms_roomtype_amenities rooms_roomtype_ameni_amenity_id_0870b8a0_fk_amenities; Type: FK CONSTRAINT; Schema: public; Owner: hotel_user
--

ALTER TABLE ONLY public.rooms_roomtype_amenities
    ADD CONSTRAINT rooms_roomtype_ameni_amenity_id_0870b8a0_fk_amenities FOREIGN KEY (amenity_id) REFERENCES public.amenities_amenity(id) DEFERRABLE INITIALLY DEFERRED;


--
-- Name: rooms_roomtype_amenities rooms_roomtype_ameni_roomtype_id_99f111bf_fk_rooms_roo; Type: FK CONSTRAINT; Schema: public; Owner: hotel_user
--

ALTER TABLE ONLY public.rooms_roomtype_amenities
    ADD CONSTRAINT rooms_roomtype_ameni_roomtype_id_99f111bf_fk_rooms_roo FOREIGN KEY (roomtype_id) REFERENCES public.rooms_roomtype(id) DEFERRABLE INITIALLY DEFERRED;


--
-- Name: users_user_groups users_user_groups_group_id_9afc8d0e_fk_auth_group_id; Type: FK CONSTRAINT; Schema: public; Owner: hotel_user
--

ALTER TABLE ONLY public.users_user_groups
    ADD CONSTRAINT users_user_groups_group_id_9afc8d0e_fk_auth_group_id FOREIGN KEY (group_id) REFERENCES public.auth_group(id) DEFERRABLE INITIALLY DEFERRED;


--
-- Name: users_user_groups users_user_groups_user_id_5f6f5a90_fk_users_user_id; Type: FK CONSTRAINT; Schema: public; Owner: hotel_user
--

ALTER TABLE ONLY public.users_user_groups
    ADD CONSTRAINT users_user_groups_user_id_5f6f5a90_fk_users_user_id FOREIGN KEY (user_id) REFERENCES public.users_user(id) DEFERRABLE INITIALLY DEFERRED;


--
-- Name: users_user users_user_role_id_854f2687_fk_users_role_id; Type: FK CONSTRAINT; Schema: public; Owner: hotel_user
--

ALTER TABLE ONLY public.users_user
    ADD CONSTRAINT users_user_role_id_854f2687_fk_users_role_id FOREIGN KEY (role_id) REFERENCES public.users_role(id) DEFERRABLE INITIALLY DEFERRED;


--
-- Name: users_user_user_permissions users_user_user_perm_permission_id_0b93982e_fk_auth_perm; Type: FK CONSTRAINT; Schema: public; Owner: hotel_user
--

ALTER TABLE ONLY public.users_user_user_permissions
    ADD CONSTRAINT users_user_user_perm_permission_id_0b93982e_fk_auth_perm FOREIGN KEY (permission_id) REFERENCES public.auth_permission(id) DEFERRABLE INITIALLY DEFERRED;


--
-- Name: users_user_user_permissions users_user_user_permissions_user_id_20aca447_fk_users_user_id; Type: FK CONSTRAINT; Schema: public; Owner: hotel_user
--

ALTER TABLE ONLY public.users_user_user_permissions
    ADD CONSTRAINT users_user_user_permissions_user_id_20aca447_fk_users_user_id FOREIGN KEY (user_id) REFERENCES public.users_user(id) DEFERRABLE INITIALLY DEFERRED;


--
-- Name: DEFAULT PRIVILEGES FOR SEQUENCES; Type: DEFAULT ACL; Schema: -; Owner: postgres
--

ALTER DEFAULT PRIVILEGES FOR ROLE postgres GRANT ALL ON SEQUENCES  TO hotel_user;


--
-- Name: DEFAULT PRIVILEGES FOR TYPES; Type: DEFAULT ACL; Schema: -; Owner: postgres
--

ALTER DEFAULT PRIVILEGES FOR ROLE postgres GRANT ALL ON TYPES  TO hotel_user;


--
-- Name: DEFAULT PRIVILEGES FOR FUNCTIONS; Type: DEFAULT ACL; Schema: -; Owner: postgres
--

ALTER DEFAULT PRIVILEGES FOR ROLE postgres GRANT ALL ON FUNCTIONS  TO hotel_user;


--
-- Name: DEFAULT PRIVILEGES FOR TABLES; Type: DEFAULT ACL; Schema: -; Owner: postgres
--

ALTER DEFAULT PRIVILEGES FOR ROLE postgres GRANT ALL ON TABLES  TO hotel_user;


--
-- PostgreSQL database dump complete
--

